sObject,extID,name,src_ID,dest_ID
Process_Job__C,&WAUNvZH000000I1A2a,Apply Payments,a2A1I000000HZvNUAW,#WAUNvZH000000I1A2a
Process_Job__C,&WAUOvZH000000I1A2a,AccountingEntry Void Batch,a2A1I000000HZvOUAW,#WAUOvZH000000I1A2a
Process_Job__C,&WAUPvZH000000I1A2a,MRP Planning,a2A1I000000HZvPUAW,#WAUPvZH000000I1A2a
Process_Job__C,&WAUQvZH000000I1A2a,MRP Item Leveling,a2A1I000000HZvQUAW,#WAUQvZH000000I1A2a
Process_Job__C,&WAURvZH000000I1A2a,Customer Invoicing With Grouping Rules,a2A1I000000HZvRUAW,#WAURvZH000000I1A2a
Process_Job__C,&WAUSvZH000000I1A2a,Customer Invoice Accounting,a2A1I000000HZvSUAW,#WAUSvZH000000I1A2a
Process_Job__C,&WAUTvZH000000I1A2a,Payment Accounting,a2A1I000000HZvTUAW,#WAUTvZH000000I1A2a
Process_Job__C,&WAUUvZH000000I1A2a,Invoice Accounting,a2A1I000000HZvUUAW,#WAUUvZH000000I1A2a
Process_Job__C,&WAUVvZH000000I1A2a,Customer Receipt Accounting,a2A1I000000HZvVUAW,#WAUVvZH000000I1A2a
Process_Job__C,&WAUWvZH000000I1A2a,DTP Batch,a2A1I000000HZvWUAW,#WAUWvZH000000I1A2a
Process_Job__C,&WAUXvZH000000I1A2a,PO Receipt Accounting,a2A1I000000HZvXUAW,#WAUXvZH000000I1A2a
Process_Job__C,&WAUYvZH000000I1A2a,Supplier Invoice Accounting,a2A1I000000HZvYUAW,#WAUYvZH000000I1A2a
Process_Job__C,&WAUZvZH000000I1A2a,Supplier Payment Accounting,a2A1I000000HZvZUAW,#WAUZvZH000000I1A2a
Process_Job__C,&GAUavZH000000I1A2a,Journal Entry Accounting,a2A1I000000HZvaUAG,#GAUavZH000000I1A2a
Process_Job__C,&GAUbvZH000000I1A2a,Fixed Asset Depreciation,a2A1I000000HZvbUAG,#GAUbvZH000000I1A2a
Process_Job__C,&GAUcvZH000000I1A2a,Fixed Asset Depreciation Accounting,a2A1I000000HZvcUAG,#GAUcvZH000000I1A2a
Process_Job__C,&GAUdvZH000000I1A2a,Fixed Asset Adjustment Accounting,a2A1I000000HZvdUAG,#GAUdvZH000000I1A2a
Process_Job__C,&GAUevZH000000I1A2a,Inventory Change Accounting,a2A1I000000HZveUAG,#GAUevZH000000I1A2a
Process_Job__C,&GAUfvZH000000I1A2a,Sales Order Automation,a2A1I000000HZvfUAG,#GAUfvZH000000I1A2a
Process_Job__C,&GAUgvZH000000I1A2a,Purchase Order Automation,a2A1I000000HZvgUAG,#GAUgvZH000000I1A2a
Process_Job__C,&GAUhvZH000000I1A2a,Receiving Doc Automation,a2A1I000000HZvhUAG,#GAUhvZH000000I1A2a
Process_Job__C,&GAUivZH000000I1A2a,Shipment Order Automation,a2A1I000000HZviUAG,#GAUivZH000000I1A2a
Process_Job__C,&GAUjvZH000000I1A2a,Supplier Invoice Automation,a2A1I000000HZvjUAG,#GAUjvZH000000I1A2a
Process_Job__C,&GAUkvZH000000I1A2a,Supplier Invoice Validate Draft,a2A1I000000HZvkUAG,#GAUkvZH000000I1A2a
Process_Job__C,&GAUlvZH000000I1A2a,Supplier Invoice Validate Incomplete,a2A1I000000HZvlUAG,#GAUlvZH000000I1A2a
Process_Job__C,&GAUmvZH000000I1A2a,Customer Inspect,a2A1I000000HZvmUAG,#GAUmvZH000000I1A2a
Process_Job__C,&GAUnvZH000000I1A2a,Consume Order Forecast,a2A1I000000HZvnUAG,#GAUnvZH000000I1A2a
Process_Job__C,&GAUovZH000000I1A2a,Update Lot Status,a2A1I000000HZvoUAG,#GAUovZH000000I1A2a
Process_Job__C,&GAUpvZH000000I1A2a,Contract Netting,a2A1I000000HZvpUAG,#GAUpvZH000000I1A2a
Process_Job__C,&GAUqvZH000000I1A2a,Bank Transaction Group Accounting,a2A1I000000HZvqUAG,#GAUqvZH000000I1A2a
Process_Job__C,&GAUrvZH000000I1A2a,Recurring Journal Entries,a2A1I000000HZvrUAG,#GAUrvZH000000I1A2a
Process_Job__C,&GAUsvZH000000I1A2a,Accounting Code Validation,a2A1I000000HZvsUAG,#GAUsvZH000000I1A2a
Process_Job__C,&GAUtvZH000000I1A2a,AccountingEntryLine Delete,a2A1I000000HZvtUAG,#GAUtvZH000000I1A2a
Process_Job__C,&GAUuvZH000000I1A2a,Hierarchy Path,a2A1I000000HZvuUAG,#GAUuvZH000000I1A2a
Process_Job__C,&GAUvvZH000000I1A2a,Erase All MRP Runs,a2A1I000000HZvvUAG,#GAUvvZH000000I1A2a
Process_Job__C,&GAUwvZH000000I1A2a,Activate Proposed Costs,a2A1I000000HZvwUAG,#GAUwvZH000000I1A2a
Process_Job__C,&GAUxvZH000000I1A2a,Customer Invoice Aging,a2A1I000000HZvxUAG,#GAUxvZH000000I1A2a
Process_Job__C,&GAUyvZH000000I1A2a,Delete Obsolete Accounting Entries,a2A1I000000HZvyUAG,#GAUyvZH000000I1A2a
Process_Job__C,&GAUzvZH000000I1A2a,Customer Outstanding Balance,a2A1I000000HZvzUAG,#GAUzvZH000000I1A2a
Process_Job__C,&GAU0wZH000000I1A2a,Sales Order Allocation,a2A1I000000HZw0UAG,#GAU0wZH000000I1A2a
Work_Center_Resource__c,&YAUCM0c000000I1B3a,WCResource A-1,a3B1I000000c0MCUAY,#YAUCM0c000000I1B3a
Work_Center_Resource__c,&YAUHM0c000000I1B3a,WCResource A-2,a3B1I000000c0MHUAY,#YAUHM0c000000I1B3a
Resource__c,&SAUMgkA000000I1T2a,R-1,a2T1I000000AkgMUAS,#SAUMgkA000000I1T2a
Resource__c,&SAUWgkA000000I1T2a,R-3,a2T1I000000AkgWUAS,#SAUWgkA000000I1T2a
Resource__c,&SAURgkA000000I1T2a,R-2,a2T1I000000AkgRUAS,#SAURgkA000000I1T2a
Work_Center__c,&SAURksT000000I1C3a,Assembly 3,a3C1I000000TskRUAS,#SAURksT000000I1C3a
Work_Center__c,&SAUMksT000000I1C3a,Assembly 2,a3C1I000000TskMUAS,#SAUMksT000000I1C3a
Work_Center__c,&SAUHksT000000I1C3a,Assembly 1,a3C1I000000TskHUAS,#SAUHksT000000I1C3a
Routing__c,&UAUZaG9000000I1V2a,RT-0000000001,a2V1I0000009GaZUAU,#UAUZaG9000000I1V2a
Routing__c,&EAUeaG9000000I1V2a,RT-0000000002,a2V1I0000009GaeUAE,#EAUeaG9000000I1V2a
Supplier__c,&MAQ9SJ9000000I103a,Beach Parts,a301I0000009JS9QAM,#MAQ9SJ9000000I103a
Supplier__c,&EAQ8pE9000000I103a,Sport and Toy World,a301I0000009Ep8QAE,#EAQ8pE9000000I103a
Supplier__c,&MAQ4SJ9000000I103a,Beach Parts,a301I0000009JS4QAM,#MAQ4SJ9000000I103a
Package_Class__c,&EA,EA,a1w1I000000Ay5pQAC,#EA
Package_Class__c,&CS Pkg Class,CS Pkg Class,a1w1I000000B5OQQA0,#CS Pkg Class
Package_Class__c,&CS,CS,a1w1I000000Ay5uQAC,#CS
Package_Class__c,&EA Pkg Class,EA Pkg Class,a1w1I000000B5OaQAK,#EA Pkg Class
Package_Class__c,&PT Pkg Class,PT Pkg Class,a1w1I000000B5OLQA0,#PT Pkg Class
Package_Class__c,&PT,PT,a1w1I000000Ay5kQAC,#PT
Credit_Profile_Rules__c,&QAQGfby100000I1m0a,Standard,a0m1I000001ybfGQAQ,#QAQGfby100000I1m0a
Invoice_Grouping_Rule__c,&CAU5q7T000000I1O1a,IGR-0000000000,a1O1I000000T7q5UAC,#CAU5q7T000000I1O1a
Customer__c,&CAQhvvA000000I1z0a,Diamond ShipTo,a0z1I000000AvvhQAC,#CAQhvvA000000I1z0a
Customer__c,&CAQrk9B000000I1z0a,Bravo Touring,a0z1I000000B9krQAC,#CAQrk9B000000I1z0a
Customer__c,&CAQgvvA000000I1z0a,Diamond SoldTo,a0z1I000000AvvgQAC,#CAQgvvA000000I1z0a
Customer__c,&CAQqk9B000000I1z0a,Bravo Touring,a0z1I000000B9kqQAC,#CAQqk9B000000I1z0a
Customer__c,&CAQfvvA000000I1z0a,Diamond BillTo,a0z1I000000AvvfQAC,#CAQfvvA000000I1z0a
Customer__c,&CAQpk9B000000I1z0a,Bravo Touring,a0z1I000000B9kpQAC,#CAQpk9B000000I1z0a
Customer__c,&CAQjk9B000000I1z0a,BikeSource Colorado,a0z1I000000B9kjQAC,#CAQjk9B000000I1z0a
Customer__c,&CAQevvA000000I1z0a,Diamond Corp,a0z1I000000AvveQAC,#CAQevvA000000I1z0a
Customer__c,&CAQok9B000000I1z0a,Bravo Touring,a0z1I000000B9koQAC,#CAQok9B000000I1z0a
Customer__c,&CAQek9B000000I1z0a,BikeSource,a0z1I000000B9keQAC,#CAQek9B000000I1z0a
Component__c,&AAQway5000000I1h0a,CP-0000000002,a0h1I0000005yawQAA,#AAQway5000000I1h0a
Component__c,&AAQxay5000000I1h0a,CP-0000000003,a0h1I0000005yaxQAA,#AAQxay5000000I1h0a
Component__c,&AAQyay5000000I1h0a,CP-0000000004,a0h1I0000005yayQAA,#AAQyay5000000I1h0a
Component__c,&AAQray5000000I1h0a,CP-0000000001,a0h1I0000005yarQAA,#AAQray5000000I1h0a
Bank_Account__c,&GAU9eAA000000I1O0a,Goliath National Bank,a0O1I000000AAe9UAG,#GAU9eAA000000I1O0a
Allowance_Rule__c,&OAU3FUR200000I1H0a,Std-2% discount,a0H1I000002RUF3UAO,#OAU3FUR200000I1H0a
Allowance_Type__c,&2AUQLUs000000I1I0a,2% discount,a0I1I000000sULQUA2,#2AUQLUs000000I1I0a
Product__c,&EAUbmM9000000I1E2a,Shaded Beach Chair,a2E1I0000009MmbUAE,#EAUbmM9000000I1E2a
Product__c,&EAU4cP9000000I1E2a,MISC,a2E1I0000009Pc4UAE,#EAU4cP9000000I1E2a
Product__c,&AAUacu9000000I1E2a,Annual Contract,a2E1I0000009ucaUAA,#AAUacu9000000I1E2a
Item_Specification__c,&AAUblm5000000I1U1a,Beach Chair with Umbrella,a1U1I0000005mlbUAA,#AAUblm5000000I1U1a
Item__c,&EAUjnO7000000I1V1a,PT Container,a1V1I0000007OnjUAE,#EAUjnO7000000I1V1a
Item__c,&EAUonO7000000I1V1a,Case Container,a1V1I0000007OnoUAE,#EAUonO7000000I1V1a
Item__c,&YAUVWo5000000I1V1a,Miscellaneous purchase,a1V1I0000005oWVUAY,#YAUVWo5000000I1V1a
Item__c,&EAUieW5000000I1V1a,Beach Chair with Umbrella,a1V1I0000005WeiUAE,#EAUieW5000000I1V1a
Item__c,&EAUseW5000000I1V1a,Seat fabric,a1V1I0000005WesUAE,#EAUseW5000000I1V1a
Item__c,&EAU2fW5000000I1V1a,Beach chair fasteners,a1V1I0000005Wf2UAE,#EAU2fW5000000I1V1a
Item__c,&EAUneW5000000I1V1a,Beach chair slats,a1V1I0000005WenUAE,#EAUneW5000000I1V1a
Item__c,&EAUxeW5000000I1V1a,Umbrella Small,a1V1I0000005WexUAE,#EAUxeW5000000I1V1a
Item__c,&IAUfEk5000000I1V1a,MISC,a1V1I0000005kEfUAI,#IAUfEk5000000I1V1a
Item__c,&EAUqqW6000000I1V1a,Annual Contract,a1V1I0000006WqqUAE,#EAUqqW6000000I1V1a
Class__c,&2AQIZHp000000I1e0a,Miscellaneous Purchase,a0e1I000000pHZIQA2,#2AQIZHp000000I1e0a
Class__c,&2AQVVSq000000I1e0a,Annual Contract,a0e1I000000qSVVQA2,#2AQVVSq000000I1e0a
Stock_Movement_Rule__c,&GAQ0lHM000000I1m2a,SO-Pick,a2m1I000000MHl0QAG,#GAQ0lHM000000I1m2a
Stock_Movement_Rule_Settings__c,&OAQsAHQ000000I1l2a,Purchase Order-Class__c,a2l1I000000QHAsQAO,#OAQsAHQ000000I1l2a
Stock_Movement_Rule_Settings__c,&OAQtAHQ000000I1l2a,Purchase Order-Company__c,a2l1I000000QHAtQAO,#OAQtAHQ000000I1l2a
Stock_Movement_Rule_Settings__c,&OAQuAHQ000000I1l2a,Purchase Order-Facility__c,a2l1I000000QHAuQAO,#OAQuAHQ000000I1l2a
Stock_Movement_Rule_Settings__c,&OAQvAHQ000000I1l2a,Purchase Order-Item__c,a2l1I000000QHAvQAO,#OAQvAHQ000000I1l2a
Stock_Movement_Rule_Settings__c,&OAQwAHQ000000I1l2a,Work Order-Class__c,a2l1I000000QHAwQAO,#OAQwAHQ000000I1l2a
Stock_Movement_Rule_Settings__c,&OAQxAHQ000000I1l2a,Work Order-Company__c,a2l1I000000QHAxQAO,#OAQxAHQ000000I1l2a
Stock_Movement_Rule_Settings__c,&OAQyAHQ000000I1l2a,Work Order-Facility__c,a2l1I000000QHAyQAO,#OAQyAHQ000000I1l2a
Stock_Movement_Rule_Settings__c,&OAQzAHQ000000I1l2a,Work Order-Item__c,a2l1I000000QHAzQAO,#OAQzAHQ000000I1l2a
Stock_Movement_Rule_Settings__c,&OAQ0BHQ000000I1l2a,Transfer Order-Company__c,a2l1I000000QHB0QAO,#OAQ0BHQ000000I1l2a
Stock_Movement_Rule_Settings__c,&OAQ1BHQ000000I1l2a,Transfer Order-Facility__c,a2l1I000000QHB1QAO,#OAQ1BHQ000000I1l2a
Stock_Movement_Rule_Settings__c,&OAQ2BHQ000000I1l2a,Sales Order-Facility__c,a2l1I000000QHB2QAO,#OAQ2BHQ000000I1l2a
Stock_Movement_Rule_Settings__c,&OAQ3BHQ000000I1l2a,Sales Order-Company__c,a2l1I000000QHB3QAO,#OAQ3BHQ000000I1l2a
Stock_Movement_Rule_Settings__c,&OAQ4BHQ000000I1l2a,Transfer Order-Item__c,a2l1I000000QHB4QAO,#OAQ4BHQ000000I1l2a
Stock_Movement_Rule_Settings__c,&OAQ5BHQ000000I1l2a,Receiving Document-Class__c,a2l1I000000QHB5QAO,#OAQ5BHQ000000I1l2a
Stock_Movement_Rule_Settings__c,&OAQ6BHQ000000I1l2a,Receiving Document-Company__c,a2l1I000000QHB6QAO,#OAQ6BHQ000000I1l2a
Stock_Movement_Rule_Settings__c,&OAQ7BHQ000000I1l2a,Receiving Document-Facility__c,a2l1I000000QHB7QAO,#OAQ7BHQ000000I1l2a
Stock_Movement_Rule_Settings__c,&OAQ8BHQ000000I1l2a,Receiving Document-Item__c,a2l1I000000QHB8QAO,#OAQ8BHQ000000I1l2a
Bin__c,&CAUgcfD000000I1S0a,BEAPART 3,a0S1I000000DfcgUAC,#CAUgcfD000000I1S0a
Bin__c,&CAUlcfD000000I1S0a,BEAPART 4,a0S1I000000DfclUAC,#CAUlcfD000000I1S0a
Bin__c,&SAURcfD000000I1S0a,BEAPART 1,a0S1I000000DfcRUAS,#SAURcfD000000I1S0a
Bin__c,&SAUMcfD000000I1S0a,BEA1,a0S1I000000DfcMUAS,#SAUMcfD000000I1S0a
Bin__c,&CAUbcfD000000I1S0a,BEAPART 2,a0S1I000000DfcbUAC,#CAUbcfD000000I1S0a
Bin__c,&SAUWcfD000000I1S0a,FAST 1,a0S1I000000DfcWUAS,#SAUWcfD000000I1S0a
Location__c,&GAQtxDU000000I1d1a,PO Receiving CA,a1d1I000000UDxtQAG,#GAQtxDU000000I1d1a
Location__c,&GAQuxDU000000I1d1a,FG Stock CA,a1d1I000000UDxuQAG,#GAQuxDU000000I1d1a
Location__c,&GAQvxDU000000I1d1a,Shipping Dock CA,a1d1I000000UDxvQAG,#GAQvxDU000000I1d1a
Location__c,&GAQwxDU000000I1d1a,Quarantine / Inspection CA,a1d1I000000UDxwQAG,#GAQwxDU000000I1d1a
Facility__c,&QAQF7o5000000I181a,KNDY-CA,a181I0000005o7FQAQ,#QAQF7o5000000I181a
Facility__c,&QAQG7o5000000I181a,KNDY-NJ,a181I0000005o7GQAQ,#QAQG7o5000000I181a
Facility__c,&QAQH7o5000000I181a,KNDY-SC,a181I0000005o7HQAQ,#QAQH7o5000000I181a
Facility__c,&QAQI7o5000000I181a,KNDY-TX,a181I0000005o7IQAQ,#QAQI7o5000000I181a
Facility__c,&QAQJ7o5000000I181a,KNDY-HQ,a181I0000005o7JQAQ,#QAQJ7o5000000I181a
UOM__c,&KAQbY9H000000I193a,EA,a391I000000H9YbQAK,#KAQbY9H000000I193a
UOM__c,&KAQcY9H000000I193a,CS,a391I000000H9YcQAK,#KAQcY9H000000I193a
UOM__c,&KAQdY9H000000I193a,PT,a391I000000H9YdQAK,#KAQdY9H000000I193a
UOM__c,&KAQeY9H000000I193a,BX,a391I000000H9YeQAK,#KAQeY9H000000I193a
UOM__c,&KAQfY9H000000I193a,PK,a391I000000H9YfQAK,#KAQfY9H000000I193a
UOM__c,&KAQgY9H000000I193a,DZ,a391I000000H9YgQAK,#KAQgY9H000000I193a
UOM__c,&KAQhY9H000000I193a,LB,a391I000000H9YhQAK,#KAQhY9H000000I193a
Reason_Code__c,&OAU3VCJ000000I1H2a,Claim repayment,a2H1I000000JCV3UAO,#OAU3VCJ000000I1H2a
Reason_Code__c,&GAUsjDI000000I1H2a,Write off claim,a2H1I000000IDjsUAG,#GAUsjDI000000I1H2a
Reason_Code__c,&0AUWY6I000000I1H2a,Cycle Count,a2H1I000000I6YWUA0,#0AUWY6I000000I1H2a
Reason_Code__c,&CAU3z5I000000I1H2a,Short Payment,a2H1I000000I5z3UAC,#CAU3z5I000000I1H2a
Reason_Code__c,&CAUjy5I000000I1H2a,Courtesy Discount,a2H1I000000I5yjUAC,#CAUjy5I000000I1H2a
Payment_Method__c,&KAQbU2J000000I1z1a,Card XXXX1881/11-2019,a1z1I000000J2UbQAK,#KAQbU2J000000I1z1a
Payment_Method__c,&0AQWU2J000000I1z1a,Card XXXX1111,a1z1I000000J2UWQA0,#0AQWU2J000000I1z1a
Payment_Method__c,&KAQgU2J000000I1z1a,Card XXXX4444/09-2020,a1z1I000000J2UgQAK,#KAQgU2J000000I1z1a
Payment_Profile__c,&WAQHxKD000000I102a,Bravo Touring Authorize.net,a201I000000DKxHQAW,#WAQHxKD000000I102a
Payment_Profile__c,&WAQMxKD000000I102a,BikeSource Colorado Authorize.net,a201I000000DKxMQAW,#WAQMxKD000000I102a
Payment_Term__c,&CAQa1yU000000I112a,Net 15,a211I000000Uy1aQAC,#CAQa1yU000000I112a
Payment_Term__c,&CAQb1yU000000I112a,2/10 Net 30,a211I000000Uy1bQAC,#CAQb1yU000000I112a
Payment_Term__c,&CAQc1yU000000I112a,Net 25th,a211I000000Uy1cQAC,#CAQc1yU000000I112a
FOB_Terms__c,&IAQwSx1000000I151a,FOB ORIGIN,a151I0000001xSwQAI,#IAQwSx1000000I151a
FOB_Terms__c,&IAQvSx1000000I151a,FOB DESTINATION,a151I0000001xSvQAI,#IAQvSx1000000I151a
Segment_Validation__c,&OAQnYDQ000000I1a2a,SV-0000000000,a2a1I000000QDYnQAO,#OAQnYDQ000000I1a2a
Segment_Validation__c,&OAQoYDQ000000I1a2a,SV-0000000001,a2a1I000000QDYoQAO,#OAQoYDQ000000I1a2a
Segment_Validation__c,&OAQpYDQ000000I1a2a,SV-0000000002,a2a1I000000QDYpQAO,#OAQpYDQ000000I1a2a
Segment_Definition__c,&0AUVUnP000000I1Z2a,Company__c,a2Z1I000000PnUVUA0,#0AUVUnP000000I1Z2a
Segment_Definition__c,&0AUWUnP000000I1Z2a,GL_Account__c,a2Z1I000000PnUWUA0,#0AUWUnP000000I1Z2a
Segment_Definition__c,&0AUXUnP000000I1Z2a,Intercompany__c,a2Z1I000000PnUXUA0,#0AUXUnP000000I1Z2a
Accounting_Default_Segment_Definition__c,&WAQF3ET100000I130a,Company__c,a031I000001TE3FQAW,#WAQF3ET100000I130a
Accounting_Default_Segment_Definition__c,&WAQG3ET100000I130a,GL_Account__c,a031I000001TE3GQAW,#WAQG3ET100000I130a
Accounting_Default_Segment_Definition__c,&WAQH3ET100000I130a,Intercompany__c,a031I000001TE3HQAW,#WAQH3ET100000I130a
Period__c,&KAQ9V7U000000I132a,17-01,a231I000000U7V9QAK,#KAQ9V7U000000I132a
Period__c,&0AQAV7U000000I132a,17-02,a231I000000U7VAQA0,#0AQAV7U000000I132a
Period__c,&0AQBV7U000000I132a,17-03,a231I000000U7VBQA0,#0AQBV7U000000I132a
Period__c,&0AQCV7U000000I132a,17-04,a231I000000U7VCQA0,#0AQCV7U000000I132a
Period__c,&0AQHV7U000000I132a,17-09,a231I000000U7VHQA0,#0AQHV7U000000I132a
Period__c,&0AQIV7U000000I132a,17-10,a231I000000U7VIQA0,#0AQIV7U000000I132a
Period__c,&0AQJV7U000000I132a,17-11,a231I000000U7VJQA0,#0AQJV7U000000I132a
Period__c,&0AQDV7U000000I132a,17-05,a231I000000U7VDQA0,#0AQDV7U000000I132a
Period__c,&0AQEV7U000000I132a,17-06,a231I000000U7VEQA0,#0AQEV7U000000I132a
Period__c,&0AQFV7U000000I132a,17-07,a231I000000U7VFQA0,#0AQFV7U000000I132a
Period__c,&0AQGV7U000000I132a,17-08,a231I000000U7VGQA0,#0AQGV7U000000I132a
Period__c,&0AQKV7U000000I132a,17-12,a231I000000U7VKQA0,#0AQKV7U000000I132a
Period__c,&0AQLV7U000000I132a,17-13,a231I000000U7VLQA0,#0AQLV7U000000I132a
Period__c,&0AQYV7U000000I132a,17-13,a231I000000U7VYQA0,#0AQYV7U000000I132a
Period__c,&0AQMV7U000000I132a,17-01,a231I000000U7VMQA0,#0AQMV7U000000I132a
Period__c,&0AQNV7U000000I132a,17-02,a231I000000U7VNQA0,#0AQNV7U000000I132a
Period__c,&0AQOV7U000000I132a,17-03,a231I000000U7VOQA0,#0AQOV7U000000I132a
Period__c,&0AQPV7U000000I132a,17-04,a231I000000U7VPQA0,#0AQPV7U000000I132a
Period__c,&0AQQV7U000000I132a,17-05,a231I000000U7VQQA0,#0AQQV7U000000I132a
Period__c,&0AQRV7U000000I132a,17-06,a231I000000U7VRQA0,#0AQRV7U000000I132a
Period__c,&0AQSV7U000000I132a,17-07,a231I000000U7VSQA0,#0AQSV7U000000I132a
Period__c,&0AQTV7U000000I132a,17-08,a231I000000U7VTQA0,#0AQTV7U000000I132a
Period__c,&0AQUV7U000000I132a,17-09,a231I000000U7VUQA0,#0AQUV7U000000I132a
Period__c,&0AQVV7U000000I132a,17-10,a231I000000U7VVQA0,#0AQVV7U000000I132a
Period__c,&0AQWV7U000000I132a,17-11,a231I000000U7VWQA0,#0AQWV7U000000I132a
Period__c,&0AQXV7U000000I132a,17-12,a231I000000U7VXQA0,#0AQXV7U000000I132a
Fiscal_Year__c,&MAU9NHc000000I1D1a,FY-2017,a1D1I000000cHN9UAM,#MAU9NHc000000I1D1a
Fiscal_Year__c,&2AUANHc000000I1D1a,FY-2017,a1D1I000000cHNAUA2,#2AUANHc000000I1D1a
Accounting_Rule__c,&CAQyv7B100000I170a,AR-0000001913,a071I000001B7vyQAC,#CAQyv7B100000I170a
Accounting_Rule__c,&CAQtv7B100000I170a,AR-0000001912,a071I000001B7vtQAC,#CAQtv7B100000I170a
Accounting_Rule__c,&CAQzxxJ000000I170a,AR-0000000967,a071I000000JxxzQAC,#CAQzxxJ000000I170a
Accounting_Rule__c,&CAQ0yxJ000000I170a,AR-0000000968,a071I000000Jxy0QAC,#CAQ0yxJ000000I170a
Accounting_Rule__c,&CAQ7yxJ000000I170a,AR-0000000975,a071I000000Jxy7QAC,#CAQ7yxJ000000I170a
Accounting_Rule__c,&CAQ8yxJ000000I170a,AR-0000000976,a071I000000Jxy8QAC,#CAQ8yxJ000000I170a
Accounting_Rule__c,&CAQ9yxJ000000I170a,AR-0000000977,a071I000000Jxy9QAC,#CAQ9yxJ000000I170a
Accounting_Rule__c,&SAQAyxJ000000I170a,AR-0000000978,a071I000000JxyAQAS,#SAQAyxJ000000I170a
Accounting_Rule__c,&CAQryxJ000000I170a,AR-0000001021,a071I000000JxyrQAC,#CAQryxJ000000I170a
Accounting_Rule__c,&CAQsyxJ000000I170a,AR-0000001022,a071I000000JxysQAC,#CAQsyxJ000000I170a
Accounting_Rule__c,&CAQ1wxJ000000I170a,AR-0000000845,a071I000000Jxw1QAC,#CAQ1wxJ000000I170a
Accounting_Rule__c,&CAQ2wxJ000000I170a,AR-0000000846,a071I000000Jxw2QAC,#CAQ2wxJ000000I170a
Accounting_Rule__c,&SAQXwxJ000000I170a,AR-0000000877,a071I000000JxwXQAS,#SAQXwxJ000000I170a
Accounting_Rule__c,&SAQYwxJ000000I170a,AR-0000000878,a071I000000JxwYQAS,#SAQYwxJ000000I170a
Accounting_Rule__c,&SAQHxxJ000000I170a,AR-0000000923,a071I000000JxxHQAS,#SAQHxxJ000000I170a
Accounting_Rule__c,&SAQIxxJ000000I170a,AR-0000000924,a071I000000JxxIQAS,#SAQIxxJ000000I170a
Accounting_Rule__c,&AAQ9ht9100000I170a,AR-0000001895,a071I0000019th9QAA,#AAQ9ht9100000I170a
Accounting_Rule__c,&QAQAht9100000I170a,AR-0000001896,a071I0000019thAQAQ,#QAQAht9100000I170a
Accounting_Rule__c,&QAQBht9100000I170a,AR-0000001897,a071I0000019thBQAQ,#QAQBht9100000I170a
Accounting_Rule__c,&QAQCht9100000I170a,AR-0000001898,a071I0000019thCQAQ,#QAQCht9100000I170a
Accounting_Rule__c,&QAQDht9100000I170a,AR-0000001899,a071I0000019thDQAQ,#QAQDht9100000I170a
Accounting_Rule__c,&QAQEht9100000I170a,AR-0000001900,a071I0000019thEQAQ,#QAQEht9100000I170a
Accounting_Rule__c,&QAQFht9100000I170a,AR-0000001901,a071I0000019thFQAQ,#QAQFht9100000I170a
Accounting_Rule__c,&QAQGht9100000I170a,AR-0000001902,a071I0000019thGQAQ,#QAQGht9100000I170a
Accounting_Rule__c,&QAQHht9100000I170a,AR-0000001903,a071I0000019thHQAQ,#QAQHht9100000I170a
Accounting_Rule__c,&QAQIht9100000I170a,AR-0000001904,a071I0000019thIQAQ,#QAQIht9100000I170a
Accounting_Rule__c,&QAQJht9100000I170a,AR-0000001905,a071I0000019thJQAQ,#QAQJht9100000I170a
Accounting_Rule__c,&QAQKht9100000I170a,AR-0000001906,a071I0000019thKQAQ,#QAQKht9100000I170a
Accounting_Rule__c,&QAQLht9100000I170a,AR-0000001907,a071I0000019thLQAQ,#QAQLht9100000I170a
Accounting_Rule__c,&QAQMht9100000I170a,AR-0000001908,a071I0000019thMQAQ,#QAQMht9100000I170a
Accounting_Rule__c,&QAQNht9100000I170a,AR-0000001909,a071I0000019thNQAQ,#QAQNht9100000I170a
Accounting_Rule__c,&QAQOht9100000I170a,AR-0000001910,a071I0000019thOQAQ,#QAQOht9100000I170a
Accounting_Rule__c,&QAQPht9100000I170a,AR-0000001911,a071I0000019thPQAQ,#QAQPht9100000I170a
Accounting_Rule__c,&QAQKat9100000I170a,AR-0000001482,a071I0000019taKQAQ,#QAQKat9100000I170a
Accounting_Rule__c,&QAQLat9100000I170a,AR-0000001483,a071I0000019taLQAQ,#QAQLat9100000I170a
Accounting_Rule__c,&QAQOat9100000I170a,AR-0000001486,a071I0000019taOQAQ,#QAQOat9100000I170a
Accounting_Rule__c,&QAQPat9100000I170a,AR-0000001487,a071I0000019taPQAQ,#QAQPat9100000I170a
Accounting_Rule__c,&QAQRat9100000I170a,AR-0000001489,a071I0000019taRQAQ,#QAQRat9100000I170a
Accounting_Rule__c,&QAQSat9100000I170a,AR-0000001490,a071I0000019taSQAQ,#QAQSat9100000I170a
Accounting_Rule__c,&QAQVat9100000I170a,AR-0000001493,a071I0000019taVQAQ,#QAQVat9100000I170a
Accounting_Rule__c,&QAQWat9100000I170a,AR-0000001494,a071I0000019taWQAQ,#QAQWat9100000I170a
Accounting_Rule__c,&QAQXat9100000I170a,AR-0000001495,a071I0000019taXQAQ,#QAQXat9100000I170a
Accounting_Rule__c,&QAQYat9100000I170a,AR-0000001496,a071I0000019taYQAQ,#QAQYat9100000I170a
Accounting_Rule__c,&QAQZat9100000I170a,AR-0000001497,a071I0000019taZQAQ,#QAQZat9100000I170a
Accounting_Rule__c,&AAQaat9100000I170a,AR-0000001498,a071I0000019taaQAA,#AAQaat9100000I170a
Accounting_Rule__c,&AAQbat9100000I170a,AR-0000001499,a071I0000019tabQAA,#AAQbat9100000I170a
Accounting_Rule__c,&AAQcat9100000I170a,AR-0000001500,a071I0000019tacQAA,#AAQcat9100000I170a
Accounting_Rule__c,&AAQdat9100000I170a,AR-0000001501,a071I0000019tadQAA,#AAQdat9100000I170a
Accounting_Rule__c,&AAQeat9100000I170a,AR-0000001502,a071I0000019taeQAA,#AAQeat9100000I170a
Accounting_Rule__c,&AAQfat9100000I170a,AR-0000001503,a071I0000019tafQAA,#AAQfat9100000I170a
Accounting_Rule__c,&AAQgat9100000I170a,AR-0000001504,a071I0000019tagQAA,#AAQgat9100000I170a
Accounting_Rule__c,&AAQhat9100000I170a,AR-0000001505,a071I0000019tahQAA,#AAQhat9100000I170a
Accounting_Rule__c,&AAQiat9100000I170a,AR-0000001506,a071I0000019taiQAA,#AAQiat9100000I170a
Accounting_Rule__c,&AAQjat9100000I170a,AR-0000001507,a071I0000019tajQAA,#AAQjat9100000I170a
Accounting_Rule__c,&AAQkat9100000I170a,AR-0000001508,a071I0000019takQAA,#AAQkat9100000I170a
Accounting_Rule__c,&AAQlat9100000I170a,AR-0000001509,a071I0000019talQAA,#AAQlat9100000I170a
Accounting_Rule__c,&AAQmat9100000I170a,AR-0000001510,a071I0000019tamQAA,#AAQmat9100000I170a
Accounting_Rule__c,&AAQnat9100000I170a,AR-0000001511,a071I0000019tanQAA,#AAQnat9100000I170a
Accounting_Rule__c,&AAQoat9100000I170a,AR-0000001512,a071I0000019taoQAA,#AAQoat9100000I170a
Accounting_Rule__c,&AAQpat9100000I170a,AR-0000001513,a071I0000019tapQAA,#AAQpat9100000I170a
Accounting_Rule__c,&AAQqat9100000I170a,AR-0000001514,a071I0000019taqQAA,#AAQqat9100000I170a
Accounting_Rule__c,&AAQrat9100000I170a,AR-0000001515,a071I0000019tarQAA,#AAQrat9100000I170a
Accounting_Rule__c,&AAQsat9100000I170a,AR-0000001516,a071I0000019tasQAA,#AAQsat9100000I170a
Accounting_Rule__c,&AAQtat9100000I170a,AR-0000001517,a071I0000019tatQAA,#AAQtat9100000I170a
Accounting_Rule__c,&AAQuat9100000I170a,AR-0000001518,a071I0000019tauQAA,#AAQuat9100000I170a
Accounting_Rule__c,&AAQvat9100000I170a,AR-0000001519,a071I0000019tavQAA,#AAQvat9100000I170a
Accounting_Rule__c,&AAQwat9100000I170a,AR-0000001520,a071I0000019tawQAA,#AAQwat9100000I170a
Accounting_Rule__c,&AAQxat9100000I170a,AR-0000001521,a071I0000019taxQAA,#AAQxat9100000I170a
Accounting_Rule__c,&AAQyat9100000I170a,AR-0000001522,a071I0000019tayQAA,#AAQyat9100000I170a
Accounting_Rule__c,&AAQzat9100000I170a,AR-0000001523,a071I0000019tazQAA,#AAQzat9100000I170a
Accounting_Rule__c,&AAQ0bt9100000I170a,AR-0000001524,a071I0000019tb0QAA,#AAQ0bt9100000I170a
Accounting_Rule__c,&AAQ1bt9100000I170a,AR-0000001525,a071I0000019tb1QAA,#AAQ1bt9100000I170a
Accounting_Rule__c,&AAQ2bt9100000I170a,AR-0000001526,a071I0000019tb2QAA,#AAQ2bt9100000I170a
Accounting_Rule__c,&AAQ3bt9100000I170a,AR-0000001527,a071I0000019tb3QAA,#AAQ3bt9100000I170a
Accounting_Rule__c,&AAQ4bt9100000I170a,AR-0000001528,a071I0000019tb4QAA,#AAQ4bt9100000I170a
Accounting_Rule__c,&AAQ5bt9100000I170a,AR-0000001529,a071I0000019tb5QAA,#AAQ5bt9100000I170a
Accounting_Rule__c,&AAQ6bt9100000I170a,AR-0000001530,a071I0000019tb6QAA,#AAQ6bt9100000I170a
Accounting_Rule__c,&AAQ7bt9100000I170a,AR-0000001531,a071I0000019tb7QAA,#AAQ7bt9100000I170a
Accounting_Rule__c,&AAQ8bt9100000I170a,AR-0000001532,a071I0000019tb8QAA,#AAQ8bt9100000I170a
Accounting_Rule__c,&AAQ9bt9100000I170a,AR-0000001533,a071I0000019tb9QAA,#AAQ9bt9100000I170a
Accounting_Rule__c,&QAQAbt9100000I170a,AR-0000001534,a071I0000019tbAQAQ,#QAQAbt9100000I170a
Accounting_Rule__c,&QAQBbt9100000I170a,AR-0000001535,a071I0000019tbBQAQ,#QAQBbt9100000I170a
Accounting_Rule__c,&QAQCbt9100000I170a,AR-0000001536,a071I0000019tbCQAQ,#QAQCbt9100000I170a
Accounting_Rule__c,&QAQDbt9100000I170a,AR-0000001537,a071I0000019tbDQAQ,#QAQDbt9100000I170a
Accounting_Rule__c,&QAQEbt9100000I170a,AR-0000001538,a071I0000019tbEQAQ,#QAQEbt9100000I170a
Accounting_Rule__c,&QAQFbt9100000I170a,AR-0000001539,a071I0000019tbFQAQ,#QAQFbt9100000I170a
Accounting_Rule__c,&QAQGbt9100000I170a,AR-0000001540,a071I0000019tbGQAQ,#QAQGbt9100000I170a
Accounting_Rule__c,&QAQHbt9100000I170a,AR-0000001541,a071I0000019tbHQAQ,#QAQHbt9100000I170a
Accounting_Rule__c,&QAQIbt9100000I170a,AR-0000001542,a071I0000019tbIQAQ,#QAQIbt9100000I170a
Accounting_Rule__c,&QAQJbt9100000I170a,AR-0000001543,a071I0000019tbJQAQ,#QAQJbt9100000I170a
Accounting_Rule__c,&QAQKbt9100000I170a,AR-0000001544,a071I0000019tbKQAQ,#QAQKbt9100000I170a
Accounting_Rule__c,&QAQLbt9100000I170a,AR-0000001545,a071I0000019tbLQAQ,#QAQLbt9100000I170a
Accounting_Rule__c,&QAQMbt9100000I170a,AR-0000001546,a071I0000019tbMQAQ,#QAQMbt9100000I170a
Accounting_Rule__c,&QAQNbt9100000I170a,AR-0000001547,a071I0000019tbNQAQ,#QAQNbt9100000I170a
Accounting_Rule__c,&QAQObt9100000I170a,AR-0000001548,a071I0000019tbOQAQ,#QAQObt9100000I170a
Accounting_Rule__c,&QAQPbt9100000I170a,AR-0000001549,a071I0000019tbPQAQ,#QAQPbt9100000I170a
Accounting_Rule__c,&QAQQbt9100000I170a,AR-0000001550,a071I0000019tbQQAQ,#QAQQbt9100000I170a
Accounting_Rule__c,&QAQRbt9100000I170a,AR-0000001551,a071I0000019tbRQAQ,#QAQRbt9100000I170a
Accounting_Rule__c,&QAQSbt9100000I170a,AR-0000001552,a071I0000019tbSQAQ,#QAQSbt9100000I170a
Accounting_Rule__c,&QAQTbt9100000I170a,AR-0000001553,a071I0000019tbTQAQ,#QAQTbt9100000I170a
Accounting_Rule__c,&QAQUbt9100000I170a,AR-0000001554,a071I0000019tbUQAQ,#QAQUbt9100000I170a
Accounting_Rule__c,&QAQVbt9100000I170a,AR-0000001555,a071I0000019tbVQAQ,#QAQVbt9100000I170a
Accounting_Rule__c,&QAQWbt9100000I170a,AR-0000001556,a071I0000019tbWQAQ,#QAQWbt9100000I170a
Accounting_Rule__c,&QAQXbt9100000I170a,AR-0000001557,a071I0000019tbXQAQ,#QAQXbt9100000I170a
Accounting_Rule__c,&QAQYbt9100000I170a,AR-0000001558,a071I0000019tbYQAQ,#QAQYbt9100000I170a
Accounting_Rule__c,&QAQZbt9100000I170a,AR-0000001559,a071I0000019tbZQAQ,#QAQZbt9100000I170a
Accounting_Rule__c,&AAQabt9100000I170a,AR-0000001560,a071I0000019tbaQAA,#AAQabt9100000I170a
Accounting_Rule__c,&AAQbbt9100000I170a,AR-0000001561,a071I0000019tbbQAA,#AAQbbt9100000I170a
Accounting_Rule__c,&AAQcbt9100000I170a,AR-0000001562,a071I0000019tbcQAA,#AAQcbt9100000I170a
Accounting_Rule__c,&AAQdbt9100000I170a,AR-0000001563,a071I0000019tbdQAA,#AAQdbt9100000I170a
Accounting_Rule__c,&AAQebt9100000I170a,AR-0000001564,a071I0000019tbeQAA,#AAQebt9100000I170a
Accounting_Rule__c,&AAQfbt9100000I170a,AR-0000001565,a071I0000019tbfQAA,#AAQfbt9100000I170a
Accounting_Rule__c,&AAQgbt9100000I170a,AR-0000001566,a071I0000019tbgQAA,#AAQgbt9100000I170a
Accounting_Rule__c,&AAQhbt9100000I170a,AR-0000001567,a071I0000019tbhQAA,#AAQhbt9100000I170a
Accounting_Rule__c,&AAQibt9100000I170a,AR-0000001568,a071I0000019tbiQAA,#AAQibt9100000I170a
Accounting_Rule__c,&AAQjbt9100000I170a,AR-0000001569,a071I0000019tbjQAA,#AAQjbt9100000I170a
Accounting_Rule__c,&AAQkbt9100000I170a,AR-0000001570,a071I0000019tbkQAA,#AAQkbt9100000I170a
Accounting_Rule__c,&AAQlbt9100000I170a,AR-0000001571,a071I0000019tblQAA,#AAQlbt9100000I170a
Accounting_Rule__c,&AAQmbt9100000I170a,AR-0000001572,a071I0000019tbmQAA,#AAQmbt9100000I170a
Accounting_Rule__c,&AAQnbt9100000I170a,AR-0000001573,a071I0000019tbnQAA,#AAQnbt9100000I170a
Accounting_Rule__c,&AAQobt9100000I170a,AR-0000001574,a071I0000019tboQAA,#AAQobt9100000I170a
Accounting_Rule__c,&AAQpbt9100000I170a,AR-0000001575,a071I0000019tbpQAA,#AAQpbt9100000I170a
Accounting_Rule__c,&AAQqbt9100000I170a,AR-0000001576,a071I0000019tbqQAA,#AAQqbt9100000I170a
Accounting_Rule__c,&AAQrbt9100000I170a,AR-0000001577,a071I0000019tbrQAA,#AAQrbt9100000I170a
Accounting_Rule__c,&AAQsbt9100000I170a,AR-0000001578,a071I0000019tbsQAA,#AAQsbt9100000I170a
Accounting_Rule__c,&AAQtbt9100000I170a,AR-0000001579,a071I0000019tbtQAA,#AAQtbt9100000I170a
Accounting_Rule__c,&AAQubt9100000I170a,AR-0000001580,a071I0000019tbuQAA,#AAQubt9100000I170a
Accounting_Rule__c,&AAQvbt9100000I170a,AR-0000001581,a071I0000019tbvQAA,#AAQvbt9100000I170a
Accounting_Rule__c,&AAQwbt9100000I170a,AR-0000001582,a071I0000019tbwQAA,#AAQwbt9100000I170a
Accounting_Rule__c,&AAQxbt9100000I170a,AR-0000001583,a071I0000019tbxQAA,#AAQxbt9100000I170a
Accounting_Rule__c,&AAQybt9100000I170a,AR-0000001584,a071I0000019tbyQAA,#AAQybt9100000I170a
Accounting_Rule__c,&AAQzbt9100000I170a,AR-0000001585,a071I0000019tbzQAA,#AAQzbt9100000I170a
Accounting_Rule__c,&AAQ0ct9100000I170a,AR-0000001586,a071I0000019tc0QAA,#AAQ0ct9100000I170a
Accounting_Rule__c,&AAQ1ct9100000I170a,AR-0000001587,a071I0000019tc1QAA,#AAQ1ct9100000I170a
Accounting_Rule__c,&AAQ2ct9100000I170a,AR-0000001588,a071I0000019tc2QAA,#AAQ2ct9100000I170a
Accounting_Rule__c,&AAQ3ct9100000I170a,AR-0000001589,a071I0000019tc3QAA,#AAQ3ct9100000I170a
Accounting_Rule__c,&AAQ4ct9100000I170a,AR-0000001590,a071I0000019tc4QAA,#AAQ4ct9100000I170a
Accounting_Rule__c,&AAQ5ct9100000I170a,AR-0000001591,a071I0000019tc5QAA,#AAQ5ct9100000I170a
Accounting_Rule__c,&AAQ6ct9100000I170a,AR-0000001592,a071I0000019tc6QAA,#AAQ6ct9100000I170a
Accounting_Rule__c,&AAQ7ct9100000I170a,AR-0000001593,a071I0000019tc7QAA,#AAQ7ct9100000I170a
Accounting_Rule__c,&AAQ8ct9100000I170a,AR-0000001594,a071I0000019tc8QAA,#AAQ8ct9100000I170a
Accounting_Rule__c,&AAQ9ct9100000I170a,AR-0000001595,a071I0000019tc9QAA,#AAQ9ct9100000I170a
Accounting_Rule__c,&QAQAct9100000I170a,AR-0000001596,a071I0000019tcAQAQ,#QAQAct9100000I170a
Accounting_Rule__c,&QAQBct9100000I170a,AR-0000001597,a071I0000019tcBQAQ,#QAQBct9100000I170a
Accounting_Rule__c,&QAQCct9100000I170a,AR-0000001598,a071I0000019tcCQAQ,#QAQCct9100000I170a
Accounting_Rule__c,&QAQDct9100000I170a,AR-0000001599,a071I0000019tcDQAQ,#QAQDct9100000I170a
Accounting_Rule__c,&QAQEct9100000I170a,AR-0000001600,a071I0000019tcEQAQ,#QAQEct9100000I170a
Accounting_Rule__c,&QAQFct9100000I170a,AR-0000001601,a071I0000019tcFQAQ,#QAQFct9100000I170a
Accounting_Rule__c,&QAQGct9100000I170a,AR-0000001602,a071I0000019tcGQAQ,#QAQGct9100000I170a
Accounting_Rule__c,&QAQHct9100000I170a,AR-0000001603,a071I0000019tcHQAQ,#QAQHct9100000I170a
Accounting_Rule__c,&QAQIct9100000I170a,AR-0000001604,a071I0000019tcIQAQ,#QAQIct9100000I170a
Accounting_Rule__c,&QAQJct9100000I170a,AR-0000001605,a071I0000019tcJQAQ,#QAQJct9100000I170a
Accounting_Rule__c,&QAQKct9100000I170a,AR-0000001606,a071I0000019tcKQAQ,#QAQKct9100000I170a
Accounting_Rule__c,&QAQLct9100000I170a,AR-0000001607,a071I0000019tcLQAQ,#QAQLct9100000I170a
Accounting_Rule__c,&QAQMct9100000I170a,AR-0000001608,a071I0000019tcMQAQ,#QAQMct9100000I170a
Accounting_Rule__c,&QAQNct9100000I170a,AR-0000001609,a071I0000019tcNQAQ,#QAQNct9100000I170a
Accounting_Rule__c,&QAQOct9100000I170a,AR-0000001610,a071I0000019tcOQAQ,#QAQOct9100000I170a
Accounting_Rule__c,&QAQPct9100000I170a,AR-0000001611,a071I0000019tcPQAQ,#QAQPct9100000I170a
Accounting_Rule__c,&QAQQct9100000I170a,AR-0000001612,a071I0000019tcQQAQ,#QAQQct9100000I170a
Accounting_Rule__c,&AAQ0at9100000I170a,AR-0000001462,a071I0000019ta0QAA,#AAQ0at9100000I170a
Accounting_Rule__c,&AAQ2at9100000I170a,AR-0000001464,a071I0000019ta2QAA,#AAQ2at9100000I170a
Accounting_Rule__c,&AAQ3at9100000I170a,AR-0000001465,a071I0000019ta3QAA,#AAQ3at9100000I170a
Accounting_Rule__c,&AAQ6at9100000I170a,AR-0000001468,a071I0000019ta6QAA,#AAQ6at9100000I170a
Accounting_Rule__c,&AAQ7at9100000I170a,AR-0000001469,a071I0000019ta7QAA,#AAQ7at9100000I170a
Accounting_Rule__c,&AAQ9at9100000I170a,AR-0000001471,a071I0000019ta9QAA,#AAQ9at9100000I170a
Accounting_Rule__c,&QAQAat9100000I170a,AR-0000001472,a071I0000019taAQAQ,#QAQAat9100000I170a
Accounting_Rule__c,&QAQDat9100000I170a,AR-0000001475,a071I0000019taDQAQ,#QAQDat9100000I170a
Accounting_Rule__c,&QAQEat9100000I170a,AR-0000001476,a071I0000019taEQAQ,#QAQEat9100000I170a
Accounting_Rule__c,&QAQFat9100000I170a,AR-0000001477,a071I0000019taFQAQ,#QAQFat9100000I170a
Accounting_Rule__c,&QAQGat9100000I170a,AR-0000001478,a071I0000019taGQAQ,#QAQGat9100000I170a
Accounting_Rule__c,&QAQHat9100000I170a,AR-0000001479,a071I0000019taHQAQ,#QAQHat9100000I170a
Accounting_Rule__c,&QAQIat9100000I170a,AR-0000001480,a071I0000019taIQAQ,#QAQIat9100000I170a
Accounting_Rule__c,&QAQRct9100000I170a,AR-0000001613,a071I0000019tcRQAQ,#QAQRct9100000I170a
Accounting_Rule__c,&QAQSct9100000I170a,AR-0000001614,a071I0000019tcSQAQ,#QAQSct9100000I170a
Accounting_Rule__c,&QAQTct9100000I170a,AR-0000001615,a071I0000019tcTQAQ,#QAQTct9100000I170a
Accounting_Rule__c,&QAQUct9100000I170a,AR-0000001616,a071I0000019tcUQAQ,#QAQUct9100000I170a
Accounting_Rule__c,&QAQVct9100000I170a,AR-0000001617,a071I0000019tcVQAQ,#QAQVct9100000I170a
Accounting_Rule__c,&QAQWct9100000I170a,AR-0000001618,a071I0000019tcWQAQ,#QAQWct9100000I170a
Accounting_Rule__c,&QAQXct9100000I170a,AR-0000001619,a071I0000019tcXQAQ,#QAQXct9100000I170a
Accounting_Rule__c,&QAQYct9100000I170a,AR-0000001620,a071I0000019tcYQAQ,#QAQYct9100000I170a
Accounting_Rule__c,&QAQZct9100000I170a,AR-0000001621,a071I0000019tcZQAQ,#QAQZct9100000I170a
Accounting_Rule__c,&AAQact9100000I170a,AR-0000001622,a071I0000019tcaQAA,#AAQact9100000I170a
Accounting_Rule__c,&AAQbct9100000I170a,AR-0000001623,a071I0000019tcbQAA,#AAQbct9100000I170a
Accounting_Rule__c,&AAQcct9100000I170a,AR-0000001624,a071I0000019tccQAA,#AAQcct9100000I170a
Accounting_Rule__c,&AAQdct9100000I170a,AR-0000001625,a071I0000019tcdQAA,#AAQdct9100000I170a
Accounting_Rule__c,&AAQect9100000I170a,AR-0000001626,a071I0000019tceQAA,#AAQect9100000I170a
Accounting_Rule__c,&AAQfct9100000I170a,AR-0000001627,a071I0000019tcfQAA,#AAQfct9100000I170a
Accounting_Rule__c,&AAQgct9100000I170a,AR-0000001628,a071I0000019tcgQAA,#AAQgct9100000I170a
Accounting_Rule__c,&AAQhct9100000I170a,AR-0000001629,a071I0000019tchQAA,#AAQhct9100000I170a
Accounting_Rule__c,&AAQict9100000I170a,AR-0000001630,a071I0000019tciQAA,#AAQict9100000I170a
Accounting_Rule__c,&AAQjct9100000I170a,AR-0000001631,a071I0000019tcjQAA,#AAQjct9100000I170a
Accounting_Rule__c,&AAQkct9100000I170a,AR-0000001632,a071I0000019tckQAA,#AAQkct9100000I170a
Accounting_Rule__c,&AAQ7et9100000I170a,AR-0000001717,a071I0000019te7QAA,#AAQ7et9100000I170a
Accounting_Rule__c,&AAQ8et9100000I170a,AR-0000001718,a071I0000019te8QAA,#AAQ8et9100000I170a
Accounting_Rule__c,&AAQ9et9100000I170a,AR-0000001719,a071I0000019te9QAA,#AAQ9et9100000I170a
Accounting_Rule__c,&QAQAet9100000I170a,AR-0000001720,a071I0000019teAQAQ,#QAQAet9100000I170a
Accounting_Rule__c,&AAQtdt9100000I170a,AR-0000001703,a071I0000019tdtQAA,#AAQtdt9100000I170a
Accounting_Rule__c,&AAQudt9100000I170a,AR-0000001704,a071I0000019tduQAA,#AAQudt9100000I170a
Accounting_Rule__c,&AAQvdt9100000I170a,AR-0000001705,a071I0000019tdvQAA,#AAQvdt9100000I170a
Accounting_Rule__c,&AAQwdt9100000I170a,AR-0000001706,a071I0000019tdwQAA,#AAQwdt9100000I170a
Accounting_Rule__c,&AAQxdt9100000I170a,AR-0000001707,a071I0000019tdxQAA,#AAQxdt9100000I170a
Accounting_Rule__c,&AAQydt9100000I170a,AR-0000001708,a071I0000019tdyQAA,#AAQydt9100000I170a
Accounting_Rule__c,&AAQzdt9100000I170a,AR-0000001709,a071I0000019tdzQAA,#AAQzdt9100000I170a
Accounting_Rule__c,&AAQ0et9100000I170a,AR-0000001710,a071I0000019te0QAA,#AAQ0et9100000I170a
Accounting_Rule__c,&AAQ1et9100000I170a,AR-0000001711,a071I0000019te1QAA,#AAQ1et9100000I170a
Accounting_Rule__c,&AAQ2et9100000I170a,AR-0000001712,a071I0000019te2QAA,#AAQ2et9100000I170a
Accounting_Rule__c,&AAQ3et9100000I170a,AR-0000001713,a071I0000019te3QAA,#AAQ3et9100000I170a
Accounting_Rule__c,&AAQ4et9100000I170a,AR-0000001714,a071I0000019te4QAA,#AAQ4et9100000I170a
Accounting_Rule__c,&AAQ5et9100000I170a,AR-0000001715,a071I0000019te5QAA,#AAQ5et9100000I170a
Accounting_Rule__c,&AAQ6et9100000I170a,AR-0000001716,a071I0000019te6QAA,#AAQ6et9100000I170a
Accounting_Rule__c,&QAQCet9100000I170a,AR-0000001722,a071I0000019teCQAQ,#QAQCet9100000I170a
Accounting_Rule__c,&QAQDet9100000I170a,AR-0000001723,a071I0000019teDQAQ,#QAQDet9100000I170a
Accounting_Rule__c,&QAQEet9100000I170a,AR-0000001724,a071I0000019teEQAQ,#QAQEet9100000I170a
Accounting_Rule__c,&QAQFet9100000I170a,AR-0000001725,a071I0000019teFQAQ,#QAQFet9100000I170a
Accounting_Rule__c,&QAQGet9100000I170a,AR-0000001726,a071I0000019teGQAQ,#QAQGet9100000I170a
Accounting_Rule__c,&QAQHet9100000I170a,AR-0000001727,a071I0000019teHQAQ,#QAQHet9100000I170a
Accounting_Rule__c,&QAQIet9100000I170a,AR-0000001728,a071I0000019teIQAQ,#QAQIet9100000I170a
Accounting_Rule__c,&QAQJet9100000I170a,AR-0000001729,a071I0000019teJQAQ,#QAQJet9100000I170a
Accounting_Rule__c,&QAQKet9100000I170a,AR-0000001730,a071I0000019teKQAQ,#QAQKet9100000I170a
Accounting_Rule__c,&QAQLet9100000I170a,AR-0000001731,a071I0000019teLQAQ,#QAQLet9100000I170a
Accounting_Rule__c,&QAQMet9100000I170a,AR-0000001732,a071I0000019teMQAQ,#QAQMet9100000I170a
Accounting_Rule__c,&QAQNet9100000I170a,AR-0000001733,a071I0000019teNQAQ,#QAQNet9100000I170a
Accounting_Rule__c,&QAQOet9100000I170a,AR-0000001734,a071I0000019teOQAQ,#QAQOet9100000I170a
Accounting_Rule__c,&QAQPet9100000I170a,AR-0000001735,a071I0000019tePQAQ,#QAQPet9100000I170a
Accounting_Rule__c,&QAQQet9100000I170a,AR-0000001736,a071I0000019teQQAQ,#QAQQet9100000I170a
Accounting_Rule__c,&QAQRet9100000I170a,AR-0000001737,a071I0000019teRQAQ,#QAQRet9100000I170a
Accounting_Rule__c,&QAQBet9100000I170a,AR-0000001721,a071I0000019teBQAQ,#QAQBet9100000I170a
Accounting_Rule__c,&QAQSet9100000I170a,AR-0000001738,a071I0000019teSQAQ,#QAQSet9100000I170a
Accounting_Rule__c,&QAQTet9100000I170a,AR-0000001739,a071I0000019teTQAQ,#QAQTet9100000I170a
Accounting_Rule__c,&QAQUet9100000I170a,AR-0000001740,a071I0000019teUQAQ,#QAQUet9100000I170a
Accounting_Rule__c,&QAQVet9100000I170a,AR-0000001741,a071I0000019teVQAQ,#QAQVet9100000I170a
Accounting_Rule__c,&QAQWet9100000I170a,AR-0000001742,a071I0000019teWQAQ,#QAQWet9100000I170a
Accounting_Rule__c,&QAQXet9100000I170a,AR-0000001743,a071I0000019teXQAQ,#QAQXet9100000I170a
Accounting_Rule__c,&QAQYet9100000I170a,AR-0000001744,a071I0000019teYQAQ,#QAQYet9100000I170a
Accounting_Rule__c,&QAQZet9100000I170a,AR-0000001745,a071I0000019teZQAQ,#QAQZet9100000I170a
Accounting_Rule__c,&AAQaet9100000I170a,AR-0000001746,a071I0000019teaQAA,#AAQaet9100000I170a
Accounting_Rule__c,&AAQbet9100000I170a,AR-0000001747,a071I0000019tebQAA,#AAQbet9100000I170a
Accounting_Rule__c,&AAQcet9100000I170a,AR-0000001748,a071I0000019tecQAA,#AAQcet9100000I170a
Accounting_Rule__c,&AAQdet9100000I170a,AR-0000001749,a071I0000019tedQAA,#AAQdet9100000I170a
Accounting_Rule__c,&AAQeet9100000I170a,AR-0000001750,a071I0000019teeQAA,#AAQeet9100000I170a
Accounting_Rule__c,&AAQfet9100000I170a,AR-0000001751,a071I0000019tefQAA,#AAQfet9100000I170a
Accounting_Rule__c,&AAQget9100000I170a,AR-0000001752,a071I0000019tegQAA,#AAQget9100000I170a
Accounting_Rule__c,&AAQhet9100000I170a,AR-0000001753,a071I0000019tehQAA,#AAQhet9100000I170a
Accounting_Rule__c,&AAQiet9100000I170a,AR-0000001754,a071I0000019teiQAA,#AAQiet9100000I170a
Accounting_Rule__c,&AAQjet9100000I170a,AR-0000001755,a071I0000019tejQAA,#AAQjet9100000I170a
Accounting_Rule__c,&AAQket9100000I170a,AR-0000001756,a071I0000019tekQAA,#AAQket9100000I170a
Accounting_Rule__c,&AAQlet9100000I170a,AR-0000001757,a071I0000019telQAA,#AAQlet9100000I170a
Accounting_Rule__c,&AAQmet9100000I170a,AR-0000001758,a071I0000019temQAA,#AAQmet9100000I170a
Accounting_Rule__c,&AAQnet9100000I170a,AR-0000001759,a071I0000019tenQAA,#AAQnet9100000I170a
Accounting_Rule__c,&AAQoet9100000I170a,AR-0000001760,a071I0000019teoQAA,#AAQoet9100000I170a
Accounting_Rule__c,&AAQpet9100000I170a,AR-0000001761,a071I0000019tepQAA,#AAQpet9100000I170a
Accounting_Rule__c,&AAQqet9100000I170a,AR-0000001762,a071I0000019teqQAA,#AAQqet9100000I170a
Accounting_Rule__c,&AAQret9100000I170a,AR-0000001763,a071I0000019terQAA,#AAQret9100000I170a
Accounting_Rule__c,&AAQset9100000I170a,AR-0000001764,a071I0000019tesQAA,#AAQset9100000I170a
Accounting_Rule__c,&AAQtet9100000I170a,AR-0000001765,a071I0000019tetQAA,#AAQtet9100000I170a
Accounting_Rule__c,&AAQuet9100000I170a,AR-0000001766,a071I0000019teuQAA,#AAQuet9100000I170a
Accounting_Rule__c,&AAQvet9100000I170a,AR-0000001767,a071I0000019tevQAA,#AAQvet9100000I170a
Accounting_Rule__c,&AAQwet9100000I170a,AR-0000001768,a071I0000019tewQAA,#AAQwet9100000I170a
Accounting_Rule__c,&AAQxet9100000I170a,AR-0000001769,a071I0000019texQAA,#AAQxet9100000I170a
Accounting_Rule__c,&AAQyet9100000I170a,AR-0000001770,a071I0000019teyQAA,#AAQyet9100000I170a
Accounting_Rule__c,&AAQzet9100000I170a,AR-0000001771,a071I0000019tezQAA,#AAQzet9100000I170a
Accounting_Rule__c,&AAQ0ft9100000I170a,AR-0000001772,a071I0000019tf0QAA,#AAQ0ft9100000I170a
Accounting_Rule__c,&AAQ1ft9100000I170a,AR-0000001773,a071I0000019tf1QAA,#AAQ1ft9100000I170a
Accounting_Rule__c,&AAQ2ft9100000I170a,AR-0000001774,a071I0000019tf2QAA,#AAQ2ft9100000I170a
Accounting_Rule__c,&AAQ3ft9100000I170a,AR-0000001775,a071I0000019tf3QAA,#AAQ3ft9100000I170a
Accounting_Rule__c,&QAQEft9100000I170a,AR-0000001786,a071I0000019tfEQAQ,#QAQEft9100000I170a
Accounting_Rule__c,&QAQFft9100000I170a,AR-0000001787,a071I0000019tfFQAQ,#QAQFft9100000I170a
Accounting_Rule__c,&QAQGft9100000I170a,AR-0000001788,a071I0000019tfGQAQ,#QAQGft9100000I170a
Accounting_Rule__c,&QAQHft9100000I170a,AR-0000001789,a071I0000019tfHQAQ,#QAQHft9100000I170a
Accounting_Rule__c,&QAQIft9100000I170a,AR-0000001790,a071I0000019tfIQAQ,#QAQIft9100000I170a
Accounting_Rule__c,&QAQJft9100000I170a,AR-0000001791,a071I0000019tfJQAQ,#QAQJft9100000I170a
Accounting_Rule__c,&AAQ4ft9100000I170a,AR-0000001776,a071I0000019tf4QAA,#AAQ4ft9100000I170a
Accounting_Rule__c,&AAQ5ft9100000I170a,AR-0000001777,a071I0000019tf5QAA,#AAQ5ft9100000I170a
Accounting_Rule__c,&AAQ6ft9100000I170a,AR-0000001778,a071I0000019tf6QAA,#AAQ6ft9100000I170a
Accounting_Rule__c,&AAQ7ft9100000I170a,AR-0000001779,a071I0000019tf7QAA,#AAQ7ft9100000I170a
Accounting_Rule__c,&AAQ8ft9100000I170a,AR-0000001780,a071I0000019tf8QAA,#AAQ8ft9100000I170a
Accounting_Rule__c,&AAQ9ft9100000I170a,AR-0000001781,a071I0000019tf9QAA,#AAQ9ft9100000I170a
Accounting_Rule__c,&QAQAft9100000I170a,AR-0000001782,a071I0000019tfAQAQ,#QAQAft9100000I170a
Accounting_Rule__c,&QAQBft9100000I170a,AR-0000001783,a071I0000019tfBQAQ,#QAQBft9100000I170a
Accounting_Rule__c,&QAQCft9100000I170a,AR-0000001784,a071I0000019tfCQAQ,#QAQCft9100000I170a
Accounting_Rule__c,&QAQDft9100000I170a,AR-0000001785,a071I0000019tfDQAQ,#QAQDft9100000I170a
Accounting_Rule__c,&QAQKft9100000I170a,AR-0000001792,a071I0000019tfKQAQ,#QAQKft9100000I170a
Accounting_Rule__c,&QAQLft9100000I170a,AR-0000001793,a071I0000019tfLQAQ,#QAQLft9100000I170a
Accounting_Rule__c,&AAQ0gt9100000I170a,AR-0000001834,a071I0000019tg0QAA,#AAQ0gt9100000I170a
Accounting_Rule__c,&AAQ1gt9100000I170a,AR-0000001835,a071I0000019tg1QAA,#AAQ1gt9100000I170a
Accounting_Rule__c,&AAQ2gt9100000I170a,AR-0000001836,a071I0000019tg2QAA,#AAQ2gt9100000I170a
Accounting_Rule__c,&AAQ3gt9100000I170a,AR-0000001837,a071I0000019tg3QAA,#AAQ3gt9100000I170a
Accounting_Rule__c,&AAQ4gt9100000I170a,AR-0000001838,a071I0000019tg4QAA,#AAQ4gt9100000I170a
Accounting_Rule__c,&AAQ5gt9100000I170a,AR-0000001839,a071I0000019tg5QAA,#AAQ5gt9100000I170a
Accounting_Rule__c,&AAQzft9100000I170a,AR-0000001833,a071I0000019tfzQAA,#AAQzft9100000I170a
Accounting_Rule__c,&AAQ6gt9100000I170a,AR-0000001840,a071I0000019tg6QAA,#AAQ6gt9100000I170a
Accounting_Rule__c,&AAQ7gt9100000I170a,AR-0000001841,a071I0000019tg7QAA,#AAQ7gt9100000I170a
Accounting_Rule__c,&AAQ8gt9100000I170a,AR-0000001842,a071I0000019tg8QAA,#AAQ8gt9100000I170a
Accounting_Rule__c,&AAQ9gt9100000I170a,AR-0000001843,a071I0000019tg9QAA,#AAQ9gt9100000I170a
Accounting_Rule__c,&QAQAgt9100000I170a,AR-0000001844,a071I0000019tgAQAQ,#QAQAgt9100000I170a
Accounting_Rule__c,&QAQBgt9100000I170a,AR-0000001845,a071I0000019tgBQAQ,#QAQBgt9100000I170a
Accounting_Rule__c,&QAQCgt9100000I170a,AR-0000001846,a071I0000019tgCQAQ,#QAQCgt9100000I170a
Accounting_Rule__c,&QAQDgt9100000I170a,AR-0000001847,a071I0000019tgDQAQ,#QAQDgt9100000I170a
Accounting_Rule__c,&QAQEgt9100000I170a,AR-0000001848,a071I0000019tgEQAQ,#QAQEgt9100000I170a
Accounting_Rule__c,&QAQFgt9100000I170a,AR-0000001849,a071I0000019tgFQAQ,#QAQFgt9100000I170a
Accounting_Rule__c,&QAQGgt9100000I170a,AR-0000001850,a071I0000019tgGQAQ,#QAQGgt9100000I170a
Accounting_Rule__c,&QAQHgt9100000I170a,AR-0000001851,a071I0000019tgHQAQ,#QAQHgt9100000I170a
Accounting_Rule__c,&QAQIgt9100000I170a,AR-0000001852,a071I0000019tgIQAQ,#QAQIgt9100000I170a
Accounting_Rule__c,&QAQJgt9100000I170a,AR-0000001853,a071I0000019tgJQAQ,#QAQJgt9100000I170a
Accounting_Rule__c,&QAQKgt9100000I170a,AR-0000001854,a071I0000019tgKQAQ,#QAQKgt9100000I170a
Accounting_Rule__c,&QAQLgt9100000I170a,AR-0000001855,a071I0000019tgLQAQ,#QAQLgt9100000I170a
Accounting_Rule__c,&QAQMgt9100000I170a,AR-0000001856,a071I0000019tgMQAQ,#QAQMgt9100000I170a
Accounting_Rule__c,&QAQNgt9100000I170a,AR-0000001857,a071I0000019tgNQAQ,#QAQNgt9100000I170a
Accounting_Rule__c,&QAQPgt9100000I170a,AR-0000001859,a071I0000019tgPQAQ,#QAQPgt9100000I170a
Accounting_Rule__c,&QAQQgt9100000I170a,AR-0000001860,a071I0000019tgQQAQ,#QAQQgt9100000I170a
Accounting_Rule__c,&QAQRgt9100000I170a,AR-0000001861,a071I0000019tgRQAQ,#QAQRgt9100000I170a
Accounting_Rule__c,&QAQSgt9100000I170a,AR-0000001862,a071I0000019tgSQAQ,#QAQSgt9100000I170a
Accounting_Rule__c,&QAQTgt9100000I170a,AR-0000001863,a071I0000019tgTQAQ,#QAQTgt9100000I170a
Accounting_Rule__c,&QAQUgt9100000I170a,AR-0000001864,a071I0000019tgUQAQ,#QAQUgt9100000I170a
Accounting_Rule__c,&QAQVgt9100000I170a,AR-0000001865,a071I0000019tgVQAQ,#QAQVgt9100000I170a
Accounting_Rule__c,&QAQWgt9100000I170a,AR-0000001866,a071I0000019tgWQAQ,#QAQWgt9100000I170a
Accounting_Rule__c,&QAQXgt9100000I170a,AR-0000001867,a071I0000019tgXQAQ,#QAQXgt9100000I170a
Accounting_Rule__c,&QAQOgt9100000I170a,AR-0000001858,a071I0000019tgOQAQ,#QAQOgt9100000I170a
Accounting_Rule__c,&QAQMft9100000I170a,AR-0000001794,a071I0000019tfMQAQ,#QAQMft9100000I170a
Accounting_Rule__c,&QAQNft9100000I170a,AR-0000001795,a071I0000019tfNQAQ,#QAQNft9100000I170a
Accounting_Rule__c,&QAQOft9100000I170a,AR-0000001796,a071I0000019tfOQAQ,#QAQOft9100000I170a
Accounting_Rule__c,&QAQPft9100000I170a,AR-0000001797,a071I0000019tfPQAQ,#QAQPft9100000I170a
Accounting_Rule__c,&QAQQft9100000I170a,AR-0000001798,a071I0000019tfQQAQ,#QAQQft9100000I170a
Accounting_Rule__c,&QAQRft9100000I170a,AR-0000001799,a071I0000019tfRQAQ,#QAQRft9100000I170a
Accounting_Rule__c,&QAQSft9100000I170a,AR-0000001800,a071I0000019tfSQAQ,#QAQSft9100000I170a
Accounting_Rule__c,&QAQWft9100000I170a,AR-0000001804,a071I0000019tfWQAQ,#QAQWft9100000I170a
Accounting_Rule__c,&QAQXft9100000I170a,AR-0000001805,a071I0000019tfXQAQ,#QAQXft9100000I170a
Accounting_Rule__c,&QAQYft9100000I170a,AR-0000001806,a071I0000019tfYQAQ,#QAQYft9100000I170a
Accounting_Rule__c,&QAQZft9100000I170a,AR-0000001807,a071I0000019tfZQAQ,#QAQZft9100000I170a
Accounting_Rule__c,&AAQaft9100000I170a,AR-0000001808,a071I0000019tfaQAA,#AAQaft9100000I170a
Accounting_Rule__c,&AAQbft9100000I170a,AR-0000001809,a071I0000019tfbQAA,#AAQbft9100000I170a
Accounting_Rule__c,&AAQcft9100000I170a,AR-0000001810,a071I0000019tfcQAA,#AAQcft9100000I170a
Accounting_Rule__c,&AAQdft9100000I170a,AR-0000001811,a071I0000019tfdQAA,#AAQdft9100000I170a
Accounting_Rule__c,&QAQTft9100000I170a,AR-0000001801,a071I0000019tfTQAQ,#QAQTft9100000I170a
Accounting_Rule__c,&QAQUft9100000I170a,AR-0000001802,a071I0000019tfUQAQ,#QAQUft9100000I170a
Accounting_Rule__c,&QAQVft9100000I170a,AR-0000001803,a071I0000019tfVQAQ,#QAQVft9100000I170a
Accounting_Rule__c,&QAQYgt9100000I170a,AR-0000001868,a071I0000019tgYQAQ,#QAQYgt9100000I170a
Accounting_Rule__c,&QAQZgt9100000I170a,AR-0000001869,a071I0000019tgZQAQ,#QAQZgt9100000I170a
Accounting_Rule__c,&AAQagt9100000I170a,AR-0000001870,a071I0000019tgaQAA,#AAQagt9100000I170a
Accounting_Rule__c,&AAQbgt9100000I170a,AR-0000001871,a071I0000019tgbQAA,#AAQbgt9100000I170a
Accounting_Rule__c,&AAQcgt9100000I170a,AR-0000001872,a071I0000019tgcQAA,#AAQcgt9100000I170a
Accounting_Rule__c,&AAQdgt9100000I170a,AR-0000001873,a071I0000019tgdQAA,#AAQdgt9100000I170a
Accounting_Rule__c,&AAQegt9100000I170a,AR-0000001874,a071I0000019tgeQAA,#AAQegt9100000I170a
Accounting_Rule__c,&AAQfgt9100000I170a,AR-0000001875,a071I0000019tgfQAA,#AAQfgt9100000I170a
Accounting_Rule__c,&AAQggt9100000I170a,AR-0000001876,a071I0000019tggQAA,#AAQggt9100000I170a
Accounting_Rule__c,&AAQhgt9100000I170a,AR-0000001877,a071I0000019tghQAA,#AAQhgt9100000I170a
Accounting_Rule__c,&AAQeft9100000I170a,AR-0000001812,a071I0000019tfeQAA,#AAQeft9100000I170a
Accounting_Rule__c,&AAQfft9100000I170a,AR-0000001813,a071I0000019tffQAA,#AAQfft9100000I170a
Accounting_Rule__c,&AAQgft9100000I170a,AR-0000001814,a071I0000019tfgQAA,#AAQgft9100000I170a
Accounting_Rule__c,&AAQhft9100000I170a,AR-0000001815,a071I0000019tfhQAA,#AAQhft9100000I170a
Accounting_Rule__c,&AAQift9100000I170a,AR-0000001816,a071I0000019tfiQAA,#AAQift9100000I170a
Accounting_Rule__c,&AAQjft9100000I170a,AR-0000001817,a071I0000019tfjQAA,#AAQjft9100000I170a
Accounting_Rule__c,&AAQkft9100000I170a,AR-0000001818,a071I0000019tfkQAA,#AAQkft9100000I170a
Accounting_Rule__c,&AAQlft9100000I170a,AR-0000001819,a071I0000019tflQAA,#AAQlft9100000I170a
Accounting_Rule__c,&AAQmft9100000I170a,AR-0000001820,a071I0000019tfmQAA,#AAQmft9100000I170a
Accounting_Rule__c,&AAQnft9100000I170a,AR-0000001821,a071I0000019tfnQAA,#AAQnft9100000I170a
Accounting_Rule__c,&AAQoft9100000I170a,AR-0000001822,a071I0000019tfoQAA,#AAQoft9100000I170a
Accounting_Rule__c,&AAQpft9100000I170a,AR-0000001823,a071I0000019tfpQAA,#AAQpft9100000I170a
Accounting_Rule__c,&AAQqft9100000I170a,AR-0000001824,a071I0000019tfqQAA,#AAQqft9100000I170a
Accounting_Rule__c,&AAQrft9100000I170a,AR-0000001825,a071I0000019tfrQAA,#AAQrft9100000I170a
Accounting_Rule__c,&AAQsft9100000I170a,AR-0000001826,a071I0000019tfsQAA,#AAQsft9100000I170a
Accounting_Rule__c,&AAQtft9100000I170a,AR-0000001827,a071I0000019tftQAA,#AAQtft9100000I170a
Accounting_Rule__c,&AAQuft9100000I170a,AR-0000001828,a071I0000019tfuQAA,#AAQuft9100000I170a
Accounting_Rule__c,&AAQvft9100000I170a,AR-0000001829,a071I0000019tfvQAA,#AAQvft9100000I170a
Accounting_Rule__c,&AAQwft9100000I170a,AR-0000001830,a071I0000019tfwQAA,#AAQwft9100000I170a
Accounting_Rule__c,&AAQxft9100000I170a,AR-0000001831,a071I0000019tfxQAA,#AAQxft9100000I170a
Accounting_Rule__c,&AAQyft9100000I170a,AR-0000001832,a071I0000019tfyQAA,#AAQyft9100000I170a
Accounting_Rule__c,&AAQlct9100000I170a,AR-0000001633,a071I0000019tclQAA,#AAQlct9100000I170a
Accounting_Rule__c,&AAQmct9100000I170a,AR-0000001634,a071I0000019tcmQAA,#AAQmct9100000I170a
Accounting_Rule__c,&AAQnct9100000I170a,AR-0000001635,a071I0000019tcnQAA,#AAQnct9100000I170a
Accounting_Rule__c,&AAQoct9100000I170a,AR-0000001636,a071I0000019tcoQAA,#AAQoct9100000I170a
Accounting_Rule__c,&AAQpct9100000I170a,AR-0000001637,a071I0000019tcpQAA,#AAQpct9100000I170a
Accounting_Rule__c,&AAQqct9100000I170a,AR-0000001638,a071I0000019tcqQAA,#AAQqct9100000I170a
Accounting_Rule__c,&AAQrct9100000I170a,AR-0000001639,a071I0000019tcrQAA,#AAQrct9100000I170a
Accounting_Rule__c,&AAQsct9100000I170a,AR-0000001640,a071I0000019tcsQAA,#AAQsct9100000I170a
Accounting_Rule__c,&AAQtct9100000I170a,AR-0000001641,a071I0000019tctQAA,#AAQtct9100000I170a
Accounting_Rule__c,&AAQuct9100000I170a,AR-0000001642,a071I0000019tcuQAA,#AAQuct9100000I170a
Accounting_Rule__c,&AAQvct9100000I170a,AR-0000001643,a071I0000019tcvQAA,#AAQvct9100000I170a
Accounting_Rule__c,&AAQwct9100000I170a,AR-0000001644,a071I0000019tcwQAA,#AAQwct9100000I170a
Accounting_Rule__c,&AAQxct9100000I170a,AR-0000001645,a071I0000019tcxQAA,#AAQxct9100000I170a
Accounting_Rule__c,&AAQyct9100000I170a,AR-0000001646,a071I0000019tcyQAA,#AAQyct9100000I170a
Accounting_Rule__c,&AAQzct9100000I170a,AR-0000001647,a071I0000019tczQAA,#AAQzct9100000I170a
Accounting_Rule__c,&AAQ0dt9100000I170a,AR-0000001648,a071I0000019td0QAA,#AAQ0dt9100000I170a
Accounting_Rule__c,&AAQ2dt9100000I170a,AR-0000001650,a071I0000019td2QAA,#AAQ2dt9100000I170a
Accounting_Rule__c,&AAQ3dt9100000I170a,AR-0000001651,a071I0000019td3QAA,#AAQ3dt9100000I170a
Accounting_Rule__c,&AAQ4dt9100000I170a,AR-0000001652,a071I0000019td4QAA,#AAQ4dt9100000I170a
Accounting_Rule__c,&AAQ5dt9100000I170a,AR-0000001653,a071I0000019td5QAA,#AAQ5dt9100000I170a
Accounting_Rule__c,&AAQ6dt9100000I170a,AR-0000001654,a071I0000019td6QAA,#AAQ6dt9100000I170a
Accounting_Rule__c,&AAQ7dt9100000I170a,AR-0000001655,a071I0000019td7QAA,#AAQ7dt9100000I170a
Accounting_Rule__c,&AAQ8dt9100000I170a,AR-0000001656,a071I0000019td8QAA,#AAQ8dt9100000I170a
Accounting_Rule__c,&AAQ9dt9100000I170a,AR-0000001657,a071I0000019td9QAA,#AAQ9dt9100000I170a
Accounting_Rule__c,&QAQAdt9100000I170a,AR-0000001658,a071I0000019tdAQAQ,#QAQAdt9100000I170a
Accounting_Rule__c,&QAQBdt9100000I170a,AR-0000001659,a071I0000019tdBQAQ,#QAQBdt9100000I170a
Accounting_Rule__c,&QAQCdt9100000I170a,AR-0000001660,a071I0000019tdCQAQ,#QAQCdt9100000I170a
Accounting_Rule__c,&QAQDdt9100000I170a,AR-0000001661,a071I0000019tdDQAQ,#QAQDdt9100000I170a
Accounting_Rule__c,&QAQEdt9100000I170a,AR-0000001662,a071I0000019tdEQAQ,#QAQEdt9100000I170a
Accounting_Rule__c,&QAQFdt9100000I170a,AR-0000001663,a071I0000019tdFQAQ,#QAQFdt9100000I170a
Accounting_Rule__c,&QAQGdt9100000I170a,AR-0000001664,a071I0000019tdGQAQ,#QAQGdt9100000I170a
Accounting_Rule__c,&QAQHdt9100000I170a,AR-0000001665,a071I0000019tdHQAQ,#QAQHdt9100000I170a
Accounting_Rule__c,&QAQIdt9100000I170a,AR-0000001666,a071I0000019tdIQAQ,#QAQIdt9100000I170a
Accounting_Rule__c,&AAQ1dt9100000I170a,AR-0000001649,a071I0000019td1QAA,#AAQ1dt9100000I170a
Accounting_Rule__c,&QAQKdt9100000I170a,AR-0000001668,a071I0000019tdKQAQ,#QAQKdt9100000I170a
Accounting_Rule__c,&QAQLdt9100000I170a,AR-0000001669,a071I0000019tdLQAQ,#QAQLdt9100000I170a
Accounting_Rule__c,&QAQMdt9100000I170a,AR-0000001670,a071I0000019tdMQAQ,#QAQMdt9100000I170a
Accounting_Rule__c,&QAQNdt9100000I170a,AR-0000001671,a071I0000019tdNQAQ,#QAQNdt9100000I170a
Accounting_Rule__c,&QAQOdt9100000I170a,AR-0000001672,a071I0000019tdOQAQ,#QAQOdt9100000I170a
Accounting_Rule__c,&QAQPdt9100000I170a,AR-0000001673,a071I0000019tdPQAQ,#QAQPdt9100000I170a
Accounting_Rule__c,&QAQQdt9100000I170a,AR-0000001674,a071I0000019tdQQAQ,#QAQQdt9100000I170a
Accounting_Rule__c,&QAQRdt9100000I170a,AR-0000001675,a071I0000019tdRQAQ,#QAQRdt9100000I170a
Accounting_Rule__c,&QAQSdt9100000I170a,AR-0000001676,a071I0000019tdSQAQ,#QAQSdt9100000I170a
Accounting_Rule__c,&QAQTdt9100000I170a,AR-0000001677,a071I0000019tdTQAQ,#QAQTdt9100000I170a
Accounting_Rule__c,&QAQUdt9100000I170a,AR-0000001678,a071I0000019tdUQAQ,#QAQUdt9100000I170a
Accounting_Rule__c,&QAQVdt9100000I170a,AR-0000001679,a071I0000019tdVQAQ,#QAQVdt9100000I170a
Accounting_Rule__c,&QAQWdt9100000I170a,AR-0000001680,a071I0000019tdWQAQ,#QAQWdt9100000I170a
Accounting_Rule__c,&QAQXdt9100000I170a,AR-0000001681,a071I0000019tdXQAQ,#QAQXdt9100000I170a
Accounting_Rule__c,&QAQYdt9100000I170a,AR-0000001682,a071I0000019tdYQAQ,#QAQYdt9100000I170a
Accounting_Rule__c,&QAQJdt9100000I170a,AR-0000001667,a071I0000019tdJQAQ,#QAQJdt9100000I170a
Accounting_Rule__c,&QAQZdt9100000I170a,AR-0000001683,a071I0000019tdZQAQ,#QAQZdt9100000I170a
Accounting_Rule__c,&AAQadt9100000I170a,AR-0000001684,a071I0000019tdaQAA,#AAQadt9100000I170a
Accounting_Rule__c,&AAQbdt9100000I170a,AR-0000001685,a071I0000019tdbQAA,#AAQbdt9100000I170a
Accounting_Rule__c,&AAQcdt9100000I170a,AR-0000001686,a071I0000019tdcQAA,#AAQcdt9100000I170a
Accounting_Rule__c,&AAQddt9100000I170a,AR-0000001687,a071I0000019tddQAA,#AAQddt9100000I170a
Accounting_Rule__c,&AAQedt9100000I170a,AR-0000001688,a071I0000019tdeQAA,#AAQedt9100000I170a
Accounting_Rule__c,&AAQfdt9100000I170a,AR-0000001689,a071I0000019tdfQAA,#AAQfdt9100000I170a
Accounting_Rule__c,&AAQgdt9100000I170a,AR-0000001690,a071I0000019tdgQAA,#AAQgdt9100000I170a
Accounting_Rule__c,&AAQhdt9100000I170a,AR-0000001691,a071I0000019tdhQAA,#AAQhdt9100000I170a
Accounting_Rule__c,&AAQidt9100000I170a,AR-0000001692,a071I0000019tdiQAA,#AAQidt9100000I170a
Accounting_Rule__c,&AAQjdt9100000I170a,AR-0000001693,a071I0000019tdjQAA,#AAQjdt9100000I170a
Accounting_Rule__c,&AAQkdt9100000I170a,AR-0000001694,a071I0000019tdkQAA,#AAQkdt9100000I170a
Accounting_Rule__c,&AAQldt9100000I170a,AR-0000001695,a071I0000019tdlQAA,#AAQldt9100000I170a
Accounting_Rule__c,&AAQmdt9100000I170a,AR-0000001696,a071I0000019tdmQAA,#AAQmdt9100000I170a
Accounting_Rule__c,&AAQndt9100000I170a,AR-0000001697,a071I0000019tdnQAA,#AAQndt9100000I170a
Accounting_Rule__c,&AAQodt9100000I170a,AR-0000001698,a071I0000019tdoQAA,#AAQodt9100000I170a
Accounting_Rule__c,&AAQpdt9100000I170a,AR-0000001699,a071I0000019tdpQAA,#AAQpdt9100000I170a
Accounting_Rule__c,&AAQqdt9100000I170a,AR-0000001700,a071I0000019tdqQAA,#AAQqdt9100000I170a
Accounting_Rule__c,&AAQrdt9100000I170a,AR-0000001701,a071I0000019tdrQAA,#AAQrdt9100000I170a
Accounting_Rule__c,&AAQsdt9100000I170a,AR-0000001702,a071I0000019tdsQAA,#AAQsdt9100000I170a
GL_Account__c,&IAUqMk1000000I1I1a,153000 - Computer Software,a1I1I0000001kMqUAI,#IAUqMk1000000I1I1a
GL_Account__c,&IAUrMk1000000I1I1a,154000 - Vehicles,a1I1I0000001kMrUAI,#IAUrMk1000000I1I1a
GL_Account__c,&IAUsMk1000000I1I1a,155000 - Leasehold Improvements,a1I1I0000001kMsUAI,#IAUsMk1000000I1I1a
GL_Account__c,&IAUtMk1000000I1I1a,156000 - Buildings,a1I1I0000001kMtUAI,#IAUtMk1000000I1I1a
GL_Account__c,&IAUuMk1000000I1I1a,157000 - Building Improvements,a1I1I0000001kMuUAI,#IAUuMk1000000I1I1a
GL_Account__c,&IAUvMk1000000I1I1a,160000 - Land,a1I1I0000001kMvUAI,#IAUvMk1000000I1I1a
GL_Account__c,&IAUwMk1000000I1I1a,160400 - Unclassified Assets,a1I1I0000001kMwUAI,#IAUwMk1000000I1I1a
GL_Account__c,&IAUxMk1000000I1I1a,160499 - FA Clearing Account,a1I1I0000001kMxUAI,#IAUxMk1000000I1I1a
GL_Account__c,&IAUyMk1000000I1I1a,160500 - Construction In Progress,a1I1I0000001kMyUAI,#IAUyMk1000000I1I1a
GL_Account__c,&IAUzMk1000000I1I1a,165000 - Organization Costs,a1I1I0000001kMzUAI,#IAUzMk1000000I1I1a
GL_Account__c,&IAU0Nk1000000I1I1a,165100 - Notes Receivable - Long-term,a1I1I0000001kN0UAI,#IAU0Nk1000000I1I1a
GL_Account__c,&IAU1Nk1000000I1I1a,165200 - Interco Investments,a1I1I0000001kN1UAI,#IAU1Nk1000000I1I1a
GL_Account__c,&IAU2Nk1000000I1I1a,165300 - Other Non-current Assets,a1I1I0000001kN2UAI,#IAU2Nk1000000I1I1a
GL_Account__c,&IAU3Nk1000000I1I1a,170000 - Accumulated Depreciation - Furniture and Fixtures,a1I1I0000001kN3UAI,#IAU3Nk1000000I1I1a
GL_Account__c,&IAU4Nk1000000I1I1a,171000 - Accumulated Depreciation - Equipment,a1I1I0000001kN4UAI,#IAU4Nk1000000I1I1a
GL_Account__c,&IAU5Nk1000000I1I1a,172000 - Accumulated Depreciation - Computer Hardware,a1I1I0000001kN5UAI,#IAU5Nk1000000I1I1a
GL_Account__c,&IAU6Nk1000000I1I1a,173000 - Accumulated Depreciation - Computer Software,a1I1I0000001kN6UAI,#IAU6Nk1000000I1I1a
GL_Account__c,&IAU7Nk1000000I1I1a,174000 - Accumulated Depreciation - Vehicles,a1I1I0000001kN7UAI,#IAU7Nk1000000I1I1a
GL_Account__c,&IAU8Nk1000000I1I1a,175000 - Accumulated Depreciation - Leasehold,a1I1I0000001kN8UAI,#IAU8Nk1000000I1I1a
GL_Account__c,&IAU9Nk1000000I1I1a,176000 - Accumulated Depreciation - Buildings,a1I1I0000001kN9UAI,#IAU9Nk1000000I1I1a
GL_Account__c,&YAUANk1000000I1I1a,177000 - Accumulated Depreciation - Building Improvements,a1I1I0000001kNAUAY,#YAUANk1000000I1I1a
GL_Account__c,&YAUBNk1000000I1I1a,190500 - Accumulated Amortization - Organization Costs,a1I1I0000001kNBUAY,#YAUBNk1000000I1I1a
GL_Account__c,&YAUCNk1000000I1I1a,200000 - Accounts Payable,a1I1I0000001kNCUAY,#YAUCNk1000000I1I1a
GL_Account__c,&YAUDNk1000000I1I1a,212000 - Interco Accounts Payable,a1I1I0000001kNDUAY,#YAUDNk1000000I1I1a
GL_Account__c,&YAUENk1000000I1I1a,220000 - Goods Received Not Invoiced,a1I1I0000001kNEUAY,#YAUENk1000000I1I1a
GL_Account__c,&YAUFNk1000000I1I1a,230000 - Accrued Expenses,a1I1I0000001kNFUAY,#YAUFNk1000000I1I1a
GL_Account__c,&YAUGNk1000000I1I1a,230500 - Allowances Payable,a1I1I0000001kNGUAY,#YAUGNk1000000I1I1a
GL_Account__c,&YAUHNk1000000I1I1a,231000 - Sales Tax Payable,a1I1I0000001kNHUAY,#YAUHNk1000000I1I1a
GL_Account__c,&YAUINk1000000I1I1a,231500 - VAT Payable,a1I1I0000001kNIUAY,#YAUINk1000000I1I1a
GL_Account__c,&YAUJNk1000000I1I1a,232000 - Wages Payable,a1I1I0000001kNJUAY,#YAUJNk1000000I1I1a
GL_Account__c,&IAU6Ok1000000I1I1a,600400 - Vacation Pay,a1I1I0000001kO6UAI,#IAU6Ok1000000I1I1a
GL_Account__c,&IAU7Ok1000000I1I1a,600500 - Holiday Pay,a1I1I0000001kO7UAI,#IAU7Ok1000000I1I1a
GL_Account__c,&IAU8Ok1000000I1I1a,600600 - Personal Time Off,a1I1I0000001kO8UAI,#IAU8Ok1000000I1I1a
GL_Account__c,&IAU9Ok1000000I1I1a,600700 - Contract Labor,a1I1I0000001kO9UAI,#IAU9Ok1000000I1I1a
GL_Account__c,&IAU5Ok1000000I1I1a,600300 - Commissions,a1I1I0000001kO5UAI,#IAU5Ok1000000I1I1a
GL_Account__c,&YAUAOk1000000I1I1a,600900 - Payroll Employer Taxes,a1I1I0000001kOAUAY,#YAUAOk1000000I1I1a
GL_Account__c,&YAUBOk1000000I1I1a,610000 - Benefits Expense,a1I1I0000001kOBUAY,#YAUBOk1000000I1I1a
GL_Account__c,&YAUCOk1000000I1I1a,610100 - Health Insurance,a1I1I0000001kOCUAY,#YAUCOk1000000I1I1a
GL_Account__c,&YAUDOk1000000I1I1a,610200 - Retirement Contributions,a1I1I0000001kODUAY,#YAUDOk1000000I1I1a
GL_Account__c,&YAUEOk1000000I1I1a,610300 - Workers Compensation,a1I1I0000001kOEUAY,#YAUEOk1000000I1I1a
GL_Account__c,&YAUFOk1000000I1I1a,620000 - Travel,a1I1I0000001kOFUAY,#YAUFOk1000000I1I1a
GL_Account__c,&YAUGOk1000000I1I1a,620100 - Lodging,a1I1I0000001kOGUAY,#YAUGOk1000000I1I1a
GL_Account__c,&YAUHOk1000000I1I1a,620200 - Meals,a1I1I0000001kOHUAY,#YAUHOk1000000I1I1a
GL_Account__c,&YAUIOk1000000I1I1a,620300 - Entertainment,a1I1I0000001kOIUAY,#YAUIOk1000000I1I1a
GL_Account__c,&YAUJOk1000000I1I1a,630000 - Rent,a1I1I0000001kOJUAY,#YAUJOk1000000I1I1a
GL_Account__c,&YAUKOk1000000I1I1a,630100 - Building Maintenance,a1I1I0000001kOKUAY,#YAUKOk1000000I1I1a
GL_Account__c,&YAULOk1000000I1I1a,630200 - Utilities Expense,a1I1I0000001kOLUAY,#YAULOk1000000I1I1a
GL_Account__c,&YAUMOk1000000I1I1a,630300 - Telephone Expense,a1I1I0000001kOMUAY,#YAUMOk1000000I1I1a
GL_Account__c,&YAUNOk1000000I1I1a,630400 - Other Operating Expense,a1I1I0000001kONUAY,#YAUNOk1000000I1I1a
GL_Account__c,&YAUOOk1000000I1I1a,630500 - Equipment Lease Expense,a1I1I0000001kOOUAY,#YAUOOk1000000I1I1a
GL_Account__c,&YAUPOk1000000I1I1a,630600 - General Equipment Repairs,a1I1I0000001kOPUAY,#YAUPOk1000000I1I1a
GL_Account__c,&YAUQOk1000000I1I1a,630700 - Equipment Maintenance,a1I1I0000001kOQUAY,#YAUQOk1000000I1I1a
GL_Account__c,&YAUROk1000000I1I1a,630800 - Charitable Contributions,a1I1I0000001kORUAY,#YAUROk1000000I1I1a
GL_Account__c,&YAUSOk1000000I1I1a,635000 - Research & Development,a1I1I0000001kOSUAY,#YAUSOk1000000I1I1a
GL_Account__c,&YAUTOk1000000I1I1a,640000 - Advertising / Marketing Expense,a1I1I0000001kOTUAY,#YAUTOk1000000I1I1a
GL_Account__c,&YAUUOk1000000I1I1a,640100 - Outgoing Freight Expense,a1I1I0000001kOUUAY,#YAUUOk1000000I1I1a
GL_Account__c,&YAUVOk1000000I1I1a,640200 - Inventory Damaged Goods,a1I1I0000001kOVUAY,#YAUVOk1000000I1I1a
GL_Account__c,&YAUWOk1000000I1I1a,650000 - Insurance Expense,a1I1I0000001kOWUAY,#YAUWOk1000000I1I1a
GL_Account__c,&YAUXOk1000000I1I1a,650100 - Auto Insurance,a1I1I0000001kOXUAY,#YAUXOk1000000I1I1a
GL_Account__c,&YAUYOk1000000I1I1a,650200 - Building Insurance,a1I1I0000001kOYUAY,#YAUYOk1000000I1I1a
GL_Account__c,&YAUZOk1000000I1I1a,650300 - General Liability Insurance,a1I1I0000001kOZUAY,#YAUZOk1000000I1I1a
GL_Account__c,&IAUaOk1000000I1I1a,650400 - Property Insurance,a1I1I0000001kOaUAI,#IAUaOk1000000I1I1a
GL_Account__c,&IAUbOk1000000I1I1a,660000 - Professional Fees,a1I1I0000001kObUAI,#IAUbOk1000000I1I1a
GL_Account__c,&IAUcOk1000000I1I1a,660100 - Professional Fees - Legal,a1I1I0000001kOcUAI,#IAUcOk1000000I1I1a
GL_Account__c,&IAUdOk1000000I1I1a,660200 - Professional Fees - Accounting,a1I1I0000001kOdUAI,#IAUdOk1000000I1I1a
GL_Account__c,&IAUeOk1000000I1I1a,660300 - Professional Fees - Consulting,a1I1I0000001kOeUAI,#IAUeOk1000000I1I1a
GL_Account__c,&IAUfOk1000000I1I1a,670000 - Other Administrative Expense,a1I1I0000001kOfUAI,#IAUfOk1000000I1I1a
GL_Account__c,&IAUgOk1000000I1I1a,670100 - Bank Charges,a1I1I0000001kOgUAI,#IAUgOk1000000I1I1a
GL_Account__c,&IAUhOk1000000I1I1a,670200 - Bad Debt Expense,a1I1I0000001kOhUAI,#IAUhOk1000000I1I1a
GL_Account__c,&IAUiOk1000000I1I1a,670300 - Dues & Subscriptions,a1I1I0000001kOiUAI,#IAUiOk1000000I1I1a
GL_Account__c,&IAUkOk1000000I1I1a,670500 - Warranty Expense,a1I1I0000001kOkUAI,#IAUkOk1000000I1I1a
GL_Account__c,&IAUlOk1000000I1I1a,680000 - Depreciation & Amortization Expense,a1I1I0000001kOlUAI,#IAUlOk1000000I1I1a
GL_Account__c,&IAUmOk1000000I1I1a,680100 - Depreciation-Bldgs & Imprvs,a1I1I0000001kOmUAI,#IAUmOk1000000I1I1a
GL_Account__c,&IAUjOk1000000I1I1a,670400 - Office Supplies,a1I1I0000001kOjUAI,#IAUjOk1000000I1I1a
GL_Account__c,&IAUnOk1000000I1I1a,680200 - Depreciation-Leasehold Imprvs,a1I1I0000001kOnUAI,#IAUnOk1000000I1I1a
GL_Account__c,&IAUoOk1000000I1I1a,680300 - Depreciation-Equipment,a1I1I0000001kOoUAI,#IAUoOk1000000I1I1a
GL_Account__c,&IAUpOk1000000I1I1a,680400 - Depreciation-Furniture & Fixtures,a1I1I0000001kOpUAI,#IAUpOk1000000I1I1a
GL_Account__c,&IAUqOk1000000I1I1a,680500 - Amortization,a1I1I0000001kOqUAI,#IAUqOk1000000I1I1a
GL_Account__c,&IAUrOk1000000I1I1a,690000 - Taxes & Licenses,a1I1I0000001kOrUAI,#IAUrOk1000000I1I1a
GL_Account__c,&IAUsOk1000000I1I1a,690100 - Property Taxes,a1I1I0000001kOsUAI,#IAUsOk1000000I1I1a
GL_Account__c,&IAUtOk1000000I1I1a,690200 - Sales & Use Taxes,a1I1I0000001kOtUAI,#IAUtOk1000000I1I1a
GL_Account__c,&IAUuOk1000000I1I1a,700000 - Other Expense,a1I1I0000001kOuUAI,#IAUuOk1000000I1I1a
GL_Account__c,&IAUvOk1000000I1I1a,700300 - Rounding Expense,a1I1I0000001kOvUAI,#IAUvOk1000000I1I1a
GL_Account__c,&IAUwOk1000000I1I1a,700400 - Cash Over and Short,a1I1I0000001kOwUAI,#IAUwOk1000000I1I1a
GL_Account__c,&IAUxOk1000000I1I1a,700600 - Interest Expense,a1I1I0000001kOxUAI,#IAUxOk1000000I1I1a
GL_Account__c,&IAUyOk1000000I1I1a,700700 - Gain / (Loss) on Disposal of Assets,a1I1I0000001kOyUAI,#IAUyOk1000000I1I1a
GL_Account__c,&IAUzOk1000000I1I1a,700800 - Unrealized FX,a1I1I0000001kOzUAI,#IAUzOk1000000I1I1a
GL_Account__c,&IAU0Pk1000000I1I1a,700900 - Realized FX,a1I1I0000001kP0UAI,#IAU0Pk1000000I1I1a
GL_Account__c,&IAU1Pk1000000I1I1a,800000 - Other Non-Operating Income,a1I1I0000001kP1UAI,#IAU1Pk1000000I1I1a
GL_Account__c,&IAU2Pk1000000I1I1a,800100 - Interest Income,a1I1I0000001kP2UAI,#IAU2Pk1000000I1I1a
GL_Account__c,&IAU3Pk1000000I1I1a,800200 - Dividend Income,a1I1I0000001kP3UAI,#IAU3Pk1000000I1I1a
GL_Account__c,&YAUKNk1000000I1I1a,233000 - Employee Benefits Payable,a1I1I0000001kNKUAY,#YAUKNk1000000I1I1a
GL_Account__c,&YAULNk1000000I1I1a,234000 - 401-K Deductions Payable,a1I1I0000001kNLUAY,#YAULNk1000000I1I1a
GL_Account__c,&YAUMNk1000000I1I1a,235000 - Health Insurance Payable,a1I1I0000001kNMUAY,#YAUMNk1000000I1I1a
GL_Account__c,&YAUNNk1000000I1I1a,236000 - Federal Payroll Taxes Payable,a1I1I0000001kNNUAY,#YAUNNk1000000I1I1a
GL_Account__c,&YAUONk1000000I1I1a,236500 - FUTA Tax Payable,a1I1I0000001kNOUAY,#YAUONk1000000I1I1a
GL_Account__c,&YAUPNk1000000I1I1a,237000 - State Payroll Taxes Payable,a1I1I0000001kNPUAY,#YAUPNk1000000I1I1a
GL_Account__c,&YAUQNk1000000I1I1a,237500 - SUTA Payable,a1I1I0000001kNQUAY,#YAUQNk1000000I1I1a
GL_Account__c,&YAURNk1000000I1I1a,237800 - Interest Payable,a1I1I0000001kNRUAY,#YAURNk1000000I1I1a
GL_Account__c,&YAUSNk1000000I1I1a,238000 - Local Payroll Taxes Payable,a1I1I0000001kNSUAY,#YAUSNk1000000I1I1a
GL_Account__c,&YAUTNk1000000I1I1a,239000 - Income Taxes Payable,a1I1I0000001kNTUAY,#YAUTNk1000000I1I1a
GL_Account__c,&YAUUNk1000000I1I1a,240000 - Other Taxes Payable,a1I1I0000001kNUUAY,#YAUUNk1000000I1I1a
GL_Account__c,&YAUVNk1000000I1I1a,242000 - Current Portion of Long-term Debt,a1I1I0000001kNVUAY,#YAUVNk1000000I1I1a
GL_Account__c,&YAUWNk1000000I1I1a,244000 - Prepayments Received,a1I1I0000001kNWUAY,#YAUWNk1000000I1I1a
GL_Account__c,&YAUXNk1000000I1I1a,244500 - Bank Line of Credit,a1I1I0000001kNXUAY,#YAUXNk1000000I1I1a
GL_Account__c,&YAUYNk1000000I1I1a,245000 - Notes Payable - Short-term,a1I1I0000001kNYUAY,#YAUYNk1000000I1I1a
GL_Account__c,&YAUZNk1000000I1I1a,247000 - Warranty Liability,a1I1I0000001kNZUAY,#YAUZNk1000000I1I1a
GL_Account__c,&IAUaNk1000000I1I1a,248000 - Other Current Liabilities,a1I1I0000001kNaUAI,#IAUaNk1000000I1I1a
GL_Account__c,&IAUbNk1000000I1I1a,250000 - Deferred Revenue,a1I1I0000001kNbUAI,#IAUbNk1000000I1I1a
GL_Account__c,&IAUcNk1000000I1I1a,270000 - Notes Payable - Long-term,a1I1I0000001kNcUAI,#IAUcNk1000000I1I1a
GL_Account__c,&IAUeNk1000000I1I1a,274000 - Other Long-term Liabilities,a1I1I0000001kNeUAI,#IAUeNk1000000I1I1a
GL_Account__c,&IAUfNk1000000I1I1a,300000 - Preferred Stock,a1I1I0000001kNfUAI,#IAUfNk1000000I1I1a
GL_Account__c,&IAUgNk1000000I1I1a,301000 - Common Stock,a1I1I0000001kNgUAI,#IAUgNk1000000I1I1a
GL_Account__c,&IAUhNk1000000I1I1a,302000 - Additional paid-in capital,a1I1I0000001kNhUAI,#IAUhNk1000000I1I1a
GL_Account__c,&IAUiNk1000000I1I1a,302500 - Interco Additional Paid-in-Capital,a1I1I0000001kNiUAI,#IAUiNk1000000I1I1a
GL_Account__c,&IAUjNk1000000I1I1a,302600 - Dividends,a1I1I0000001kNjUAI,#IAUjNk1000000I1I1a
GL_Account__c,&IAUkNk1000000I1I1a,303000 - Retained Earnings,a1I1I0000001kNkUAI,#IAUkNk1000000I1I1a
GL_Account__c,&IAUlNk1000000I1I1a,400000 - Revenue,a1I1I0000001kNlUAI,#IAUlNk1000000I1I1a
GL_Account__c,&IAUmNk1000000I1I1a,480000 - Sales Returns and Allowances,a1I1I0000001kNmUAI,#IAUmNk1000000I1I1a
GL_Account__c,&IAUnNk1000000I1I1a,490000 - Sales Discounts,a1I1I0000001kNnUAI,#IAUnNk1000000I1I1a
GL_Account__c,&IAUoNk1000000I1I1a,490005 - Unearned Sales Discounts,a1I1I0000001kNoUAI,#IAUoNk1000000I1I1a
GL_Account__c,&IAUpNk1000000I1I1a,500000 - Cost of Goods Sold (Material),a1I1I0000001kNpUAI,#IAUpNk1000000I1I1a
GL_Account__c,&IAUqNk1000000I1I1a,505000 - Purchase Price Variance,a1I1I0000001kNqUAI,#IAUqNk1000000I1I1a
GL_Account__c,&IAUrNk1000000I1I1a,506000 - Raw Material Purchases,a1I1I0000001kNrUAI,#IAUrNk1000000I1I1a
GL_Account__c,&IAUsNk1000000I1I1a,510000 - Material Variance,a1I1I0000001kNsUAI,#IAUsNk1000000I1I1a
GL_Account__c,&IAUdNk1000000I1I1a,272000 - Financing Lease Obligation,a1I1I0000001kNdUAI,#IAUdNk1000000I1I1a
GL_Account__c,&IAUtNk1000000I1I1a,510500 - Labor Absorption,a1I1I0000001kNtUAI,#IAUtNk1000000I1I1a
GL_Account__c,&IAUuNk1000000I1I1a,510600 - Overhead Absorption,a1I1I0000001kNuUAI,#IAUuNk1000000I1I1a
GL_Account__c,&IAUvNk1000000I1I1a,510700 - Outside Processing Absorption,a1I1I0000001kNvUAI,#IAUvNk1000000I1I1a
GL_Account__c,&IAUwNk1000000I1I1a,560000 - Material Scrap,a1I1I0000001kNwUAI,#IAUwNk1000000I1I1a
GL_Account__c,&IAUxNk1000000I1I1a,570000 - Inventory Disposal,a1I1I0000001kNxUAI,#IAUxNk1000000I1I1a
GL_Account__c,&IAUyNk1000000I1I1a,585000 - Inventory Adjustment,a1I1I0000001kNyUAI,#IAUyNk1000000I1I1a
GL_Account__c,&IAUzNk1000000I1I1a,586000 - Inventory Revaluation,a1I1I0000001kNzUAI,#IAUzNk1000000I1I1a
GL_Account__c,&IAU0Ok1000000I1I1a,590000 - Purchase Returns and Allowances,a1I1I0000001kO0UAI,#IAU0Ok1000000I1I1a
GL_Account__c,&IAU1Ok1000000I1I1a,595000 - Purchase Discounts,a1I1I0000001kO1UAI,#IAU1Ok1000000I1I1a
GL_Account__c,&IAU2Ok1000000I1I1a,600000 - Employee Expenses,a1I1I0000001kO2UAI,#IAU2Ok1000000I1I1a
GL_Account__c,&IAU3Ok1000000I1I1a,600100 - Regular - Hourly,a1I1I0000001kO3UAI,#IAU3Ok1000000I1I1a
GL_Account__c,&IAU4Ok1000000I1I1a,600200 - Regular - Salary,a1I1I0000001kO4UAI,#IAU4Ok1000000I1I1a
GL_Account__c,&YAUOMk1000000I1I1a,100000 - Petty Cash,a1I1I0000001kMOUAY,#YAUOMk1000000I1I1a
GL_Account__c,&YAUPMk1000000I1I1a,101000 - Cash,a1I1I0000001kMPUAY,#YAUPMk1000000I1I1a
GL_Account__c,&YAUQMk1000000I1I1a,101500 - Cash Clearing,a1I1I0000001kMQUAY,#YAUQMk1000000I1I1a
GL_Account__c,&YAURMk1000000I1I1a,102000 - Regular Checking Account,a1I1I0000001kMRUAY,#YAURMk1000000I1I1a
GL_Account__c,&YAUZMk1000000I1I1a,110000 - Accounts Receivable,a1I1I0000001kMZUAY,#YAUZMk1000000I1I1a
GL_Account__c,&IAUaMk1000000I1I1a,112000 - Interco Accounts Receivable,a1I1I0000001kMaUAI,#IAUaMk1000000I1I1a
GL_Account__c,&IAUbMk1000000I1I1a,113000 - Claims Receivable,a1I1I0000001kMbUAI,#IAUbMk1000000I1I1a
GL_Account__c,&IAUcMk1000000I1I1a,114000 - Other Receivables,a1I1I0000001kMcUAI,#IAUcMk1000000I1I1a
GL_Account__c,&IAUdMk1000000I1I1a,120000 - Raw Materials,a1I1I0000001kMdUAI,#IAUdMk1000000I1I1a
GL_Account__c,&IAUeMk1000000I1I1a,120100 - Finished Goods,a1I1I0000001kMeUAI,#IAUeMk1000000I1I1a
GL_Account__c,&IAUfMk1000000I1I1a,121000 - Work in Progress (Materials),a1I1I0000001kMfUAI,#IAUfMk1000000I1I1a
GL_Account__c,&IAUgMk1000000I1I1a,122000 - Drop Ship Inventory,a1I1I0000001kMgUAI,#IAUgMk1000000I1I1a
GL_Account__c,&IAUhMk1000000I1I1a,123000 - In-transit Inventory,a1I1I0000001kMhUAI,#IAUhMk1000000I1I1a
GL_Account__c,&IAUiMk1000000I1I1a,124000 - Used Asset Inventory,a1I1I0000001kMiUAI,#IAUiMk1000000I1I1a
GL_Account__c,&IAUjMk1000000I1I1a,140000 - Prepaid Expenses,a1I1I0000001kMjUAI,#IAUjMk1000000I1I1a
GL_Account__c,&YAUVMk1000000I1I1a,103000 - Payroll Checking Account,a1I1I0000001kMVUAY,#YAUVMk1000000I1I1a
GL_Account__c,&YAUWMk1000000I1I1a,104000 - Savings Account,a1I1I0000001kMWUAY,#YAUWMk1000000I1I1a
GL_Account__c,&YAUXMk1000000I1I1a,106000 - Investments - Money Market,a1I1I0000001kMXUAY,#YAUXMk1000000I1I1a
GL_Account__c,&YAUYMk1000000I1I1a,107000 - Investments - Certificates of Deposit,a1I1I0000001kMYUAY,#YAUYMk1000000I1I1a
GL_Account__c,&IAUkMk1000000I1I1a,142000 - Notes Receivable - Short-term,a1I1I0000001kMkUAI,#IAUkMk1000000I1I1a
GL_Account__c,&IAUlMk1000000I1I1a,147000 - Other Current Assets,a1I1I0000001kMlUAI,#IAUlMk1000000I1I1a
GL_Account__c,&IAUmMk1000000I1I1a,147500 - Allowance for Doubtful Accounts,a1I1I0000001kMmUAI,#IAUmMk1000000I1I1a
GL_Account__c,&IAUnMk1000000I1I1a,150000 - Furniture and Fixtures,a1I1I0000001kMnUAI,#IAUnMk1000000I1I1a
GL_Account__c,&IAUoMk1000000I1I1a,151000 - Equipment,a1I1I0000001kMoUAI,#IAUoMk1000000I1I1a
GL_Account__c,&IAUpMk1000000I1I1a,152000 - Computer Hardware,a1I1I0000001kMpUAI,#IAUpMk1000000I1I1a
GL_Account__c,&CAUe55P000000I1I1a,800300 - Freight Income,a1I1I000000P55eUAC,#CAUe55P000000I1I1a
GL_Account__c,&CAUj55P000000I1I1a,900000 - Income Tax,a1I1I000000P55jUAC,#CAUj55P000000I1I1a
GL_Type__c,&AAUsgl1000000I1J1a,Cost of Sales,a1J1I0000001lgsUAA,#AAUsgl1000000I1J1a
GL_Type__c,&AAUvgl1000000I1J1a,Travel and Entertainment,a1J1I0000001lgvUAA,#AAUvgl1000000I1J1a
GL_Type__c,&AAUqgl1000000I1J1a,Capital & Retained Earnings,a1J1I0000001lgqUAA,#AAUqgl1000000I1J1a
GL_Type__c,&AAUrgl1000000I1J1a,Sales,a1J1I0000001lgrUAA,#AAUrgl1000000I1J1a
GL_Type__c,&AAUtgl1000000I1J1a,Payroll,a1J1I0000001lgtUAA,#AAUtgl1000000I1J1a
GL_Type__c,&AAUygl1000000I1J1a,Insurance Expense,a1J1I0000001lgyUAA,#AAUygl1000000I1J1a
GL_Type__c,&AAUngl1000000I1J1a,Long-Term Assets,a1J1I0000001lgnUAA,#AAUngl1000000I1J1a
GL_Type__c,&AAUxgl1000000I1J1a,Selling Expense,a1J1I0000001lgxUAA,#AAUxgl1000000I1J1a
GL_Type__c,&AAUogl1000000I1J1a,Current Liabilities,a1J1I0000001lgoUAA,#AAUogl1000000I1J1a
GL_Type__c,&AAU2hl1000000I1J1a,Taxes and Licenses,a1J1I0000001lh2UAA,#AAU2hl1000000I1J1a
GL_Type__c,&AAU1hl1000000I1J1a,Depreciation / Amortization,a1J1I0000001lh1UAA,#AAU1hl1000000I1J1a
GL_Type__c,&AAUugl1000000I1J1a,Employee Benefits,a1J1I0000001lguUAA,#AAUugl1000000I1J1a
GL_Type__c,&AAUpgl1000000I1J1a,Long-Term Liabilities,a1J1I0000001lgpUAA,#AAUpgl1000000I1J1a
GL_Type__c,&AAUmgl1000000I1J1a,Current Assets,a1J1I0000001lgmUAA,#AAUmgl1000000I1J1a
GL_Type__c,&AAU4hl1000000I1J1a,Other Income,a1J1I0000001lh4UAA,#AAU4hl1000000I1J1a
GL_Type__c,&AAUzgl1000000I1J1a,Professional Fees,a1J1I0000001lgzUAA,#AAUzgl1000000I1J1a
GL_Type__c,&AAU5hl1000000I1J1a,Income Tax Expense,a1J1I0000001lh5UAA,#AAU5hl1000000I1J1a
GL_Type__c,&AAU0hl1000000I1J1a,Other Administrative Expense,a1J1I0000001lh0UAA,#AAU0hl1000000I1J1a
GL_Type__c,&AAUwgl1000000I1J1a,Other Operating Expense,a1J1I0000001lgwUAA,#AAUwgl1000000I1J1a
GL_Type__c,&AAU3hl1000000I1J1a,Other Expenses,a1J1I0000001lh3UAA,#AAU3hl1000000I1J1a
Company__c,&QAQWtb5000000I1g0a,LTE,a0g1I0000005btWQAQ,#QAQWtb5000000I1g0a
Company__c,&QAQXtb5000000I1g0a,"Outdoors, Inc.",a0g1I0000005btXQAQ,#QAQXtb5000000I1g0a
Currency__c,&0AQZHqM000000I1q0a,XAG,a0q1I000000MqHZQA0,#0AQZHqM000000I1q0a
Currency__c,&KAQaHqM000000I1q0a,XAU,a0q1I000000MqHaQAK,#KAQaHqM000000I1q0a
Currency__c,&KAQbHqM000000I1q0a,XBA,a0q1I000000MqHbQAK,#KAQbHqM000000I1q0a
Currency__c,&KAQcHqM000000I1q0a,XBB,a0q1I000000MqHcQAK,#KAQcHqM000000I1q0a
Currency__c,&KAQdHqM000000I1q0a,XBC,a0q1I000000MqHdQAK,#KAQdHqM000000I1q0a
Currency__c,&KAQeHqM000000I1q0a,XBD,a0q1I000000MqHeQAK,#KAQeHqM000000I1q0a
Currency__c,&KAQfHqM000000I1q0a,XCD,a0q1I000000MqHfQAK,#KAQfHqM000000I1q0a
Currency__c,&KAQgHqM000000I1q0a,XDR,a0q1I000000MqHgQAK,#KAQgHqM000000I1q0a
Currency__c,&KAQhHqM000000I1q0a,XFU,a0q1I000000MqHhQAK,#KAQhHqM000000I1q0a
Currency__c,&KAQiHqM000000I1q0a,XOF,a0q1I000000MqHiQAK,#KAQiHqM000000I1q0a
Currency__c,&KAQjHqM000000I1q0a,XPD,a0q1I000000MqHjQAK,#KAQjHqM000000I1q0a
Currency__c,&KAQkHqM000000I1q0a,XPF,a0q1I000000MqHkQAK,#KAQkHqM000000I1q0a
Currency__c,&0AQLHqM000000I1q0a,TWD,a0q1I000000MqHLQA0,#0AQLHqM000000I1q0a
Currency__c,&0AQMHqM000000I1q0a,TZS,a0q1I000000MqHMQA0,#0AQMHqM000000I1q0a
Currency__c,&0AQNHqM000000I1q0a,UAH,a0q1I000000MqHNQA0,#0AQNHqM000000I1q0a
Currency__c,&0AQOHqM000000I1q0a,UGX,a0q1I000000MqHOQA0,#0AQOHqM000000I1q0a
Currency__c,&0AQPHqM000000I1q0a,USN,a0q1I000000MqHPQA0,#0AQPHqM000000I1q0a
Currency__c,&0AQQHqM000000I1q0a,USS,a0q1I000000MqHQQA0,#0AQQHqM000000I1q0a
Currency__c,&0AQRHqM000000I1q0a,UYI,a0q1I000000MqHRQA0,#0AQRHqM000000I1q0a
Currency__c,&0AQSHqM000000I1q0a,UYU,a0q1I000000MqHSQA0,#0AQSHqM000000I1q0a
Currency__c,&0AQTHqM000000I1q0a,UZS,a0q1I000000MqHTQA0,#0AQTHqM000000I1q0a
Currency__c,&0AQUHqM000000I1q0a,VEF,a0q1I000000MqHUQA0,#0AQUHqM000000I1q0a
Currency__c,&0AQVHqM000000I1q0a,VND,a0q1I000000MqHVQA0,#0AQVHqM000000I1q0a
Currency__c,&0AQWHqM000000I1q0a,VUV,a0q1I000000MqHWQA0,#0AQWHqM000000I1q0a
Currency__c,&0AQXHqM000000I1q0a,WST,a0q1I000000MqHXQA0,#0AQXHqM000000I1q0a
Currency__c,&0AQYHqM000000I1q0a,XAF,a0q1I000000MqHYQA0,#0AQYHqM000000I1q0a
Currency__c,&KAQlHqM000000I1q0a,XPT,a0q1I000000MqHlQAK,#KAQlHqM000000I1q0a
Currency__c,&KAQmHqM000000I1q0a,XSU,a0q1I000000MqHmQAK,#KAQmHqM000000I1q0a
Currency__c,&KAQnHqM000000I1q0a,XUA,a0q1I000000MqHnQAK,#KAQnHqM000000I1q0a
Currency__c,&KAQoHqM000000I1q0a,YER,a0q1I000000MqHoQAK,#KAQoHqM000000I1q0a
Currency__c,&KAQpHqM000000I1q0a,ZAR,a0q1I000000MqHpQAK,#KAQpHqM000000I1q0a
Currency__c,&KAQqHqM000000I1q0a,ZMW,a0q1I000000MqHqQAK,#KAQqHqM000000I1q0a
Currency__c,&KAQhFqM000000I1q0a,DKK,a0q1I000000MqFhQAK,#KAQhFqM000000I1q0a
Currency__c,&KAQmFqM000000I1q0a,ETB,a0q1I000000MqFmQAK,#KAQmFqM000000I1q0a
Currency__c,&KAQiFqM000000I1q0a,DOP,a0q1I000000MqFiQAK,#KAQiFqM000000I1q0a
Currency__c,&KAQjFqM000000I1q0a,DZD,a0q1I000000MqFjQAK,#KAQjFqM000000I1q0a
Currency__c,&KAQkFqM000000I1q0a,EGP,a0q1I000000MqFkQAK,#KAQkFqM000000I1q0a
Currency__c,&KAQlFqM000000I1q0a,ERN,a0q1I000000MqFlQAK,#KAQlFqM000000I1q0a
Currency__c,&KAQnFqM000000I1q0a,EUR,a0q1I000000MqFnQAK,#KAQnFqM000000I1q0a
Currency__c,&KAQ1FqM000000I1q0a,CAD,a0q1I000000MqF1QAK,#KAQ1FqM000000I1q0a
Currency__c,&KAQ2FqM000000I1q0a,AED,a0q1I000000MqF2QAK,#KAQ2FqM000000I1q0a
Currency__c,&KAQ3FqM000000I1q0a,AFN,a0q1I000000MqF3QAK,#KAQ3FqM000000I1q0a
Currency__c,&KAQ4FqM000000I1q0a,ALL,a0q1I000000MqF4QAK,#KAQ4FqM000000I1q0a
Currency__c,&KAQ5FqM000000I1q0a,AMD,a0q1I000000MqF5QAK,#KAQ5FqM000000I1q0a
Currency__c,&KAQ6FqM000000I1q0a,ANG,a0q1I000000MqF6QAK,#KAQ6FqM000000I1q0a
Currency__c,&KAQ7FqM000000I1q0a,AOA,a0q1I000000MqF7QAK,#KAQ7FqM000000I1q0a
Currency__c,&KAQ8FqM000000I1q0a,ARS,a0q1I000000MqF8QAK,#KAQ8FqM000000I1q0a
Currency__c,&KAQ9FqM000000I1q0a,AUD,a0q1I000000MqF9QAK,#KAQ9FqM000000I1q0a
Currency__c,&0AQAFqM000000I1q0a,AWG,a0q1I000000MqFAQA0,#0AQAFqM000000I1q0a
Currency__c,&KAQ0FqM000000I1q0a,USD,a0q1I000000MqF0QAK,#KAQ0FqM000000I1q0a
Currency__c,&0AQBFqM000000I1q0a,AZN,a0q1I000000MqFBQA0,#0AQBFqM000000I1q0a
Currency__c,&0AQCFqM000000I1q0a,BAM,a0q1I000000MqFCQA0,#0AQCFqM000000I1q0a
Currency__c,&0AQDFqM000000I1q0a,BBD,a0q1I000000MqFDQA0,#0AQDFqM000000I1q0a
Currency__c,&0AQEFqM000000I1q0a,BDT,a0q1I000000MqFEQA0,#0AQEFqM000000I1q0a
Currency__c,&0AQFFqM000000I1q0a,BGN,a0q1I000000MqFFQA0,#0AQFFqM000000I1q0a
Currency__c,&0AQGFqM000000I1q0a,BHD,a0q1I000000MqFGQA0,#0AQGFqM000000I1q0a
Currency__c,&0AQHFqM000000I1q0a,BIF,a0q1I000000MqFHQA0,#0AQHFqM000000I1q0a
Currency__c,&0AQIFqM000000I1q0a,BMD,a0q1I000000MqFIQA0,#0AQIFqM000000I1q0a
Currency__c,&0AQJFqM000000I1q0a,BND,a0q1I000000MqFJQA0,#0AQJFqM000000I1q0a
Currency__c,&0AQKFqM000000I1q0a,BOB,a0q1I000000MqFKQA0,#0AQKFqM000000I1q0a
Currency__c,&0AQLFqM000000I1q0a,BOV,a0q1I000000MqFLQA0,#0AQLFqM000000I1q0a
Currency__c,&0AQMFqM000000I1q0a,BRL,a0q1I000000MqFMQA0,#0AQMFqM000000I1q0a
Currency__c,&0AQNFqM000000I1q0a,BSD,a0q1I000000MqFNQA0,#0AQNFqM000000I1q0a
Currency__c,&0AQOFqM000000I1q0a,BTN,a0q1I000000MqFOQA0,#0AQOFqM000000I1q0a
Currency__c,&0AQPFqM000000I1q0a,BWP,a0q1I000000MqFPQA0,#0AQPFqM000000I1q0a
Currency__c,&0AQQFqM000000I1q0a,BYN,a0q1I000000MqFQQA0,#0AQQFqM000000I1q0a
Currency__c,&0AQRFqM000000I1q0a,BYR,a0q1I000000MqFRQA0,#0AQRFqM000000I1q0a
Currency__c,&0AQSFqM000000I1q0a,BZD,a0q1I000000MqFSQA0,#0AQSFqM000000I1q0a
Currency__c,&0AQTFqM000000I1q0a,CDF,a0q1I000000MqFTQA0,#0AQTFqM000000I1q0a
Currency__c,&0AQUFqM000000I1q0a,CHF,a0q1I000000MqFUQA0,#0AQUFqM000000I1q0a
Currency__c,&0AQVFqM000000I1q0a,CHW,a0q1I000000MqFVQA0,#0AQVFqM000000I1q0a
Currency__c,&0AQWFqM000000I1q0a,CLF,a0q1I000000MqFWQA0,#0AQWFqM000000I1q0a
Currency__c,&0AQXFqM000000I1q0a,CLP,a0q1I000000MqFXQA0,#0AQXFqM000000I1q0a
Currency__c,&0AQYFqM000000I1q0a,CNY,a0q1I000000MqFYQA0,#0AQYFqM000000I1q0a
Currency__c,&0AQZFqM000000I1q0a,COP,a0q1I000000MqFZQA0,#0AQZFqM000000I1q0a
Currency__c,&KAQaFqM000000I1q0a,COU,a0q1I000000MqFaQAK,#KAQaFqM000000I1q0a
Currency__c,&KAQbFqM000000I1q0a,CRC,a0q1I000000MqFbQAK,#KAQbFqM000000I1q0a
Currency__c,&KAQcFqM000000I1q0a,CUC,a0q1I000000MqFcQAK,#KAQcFqM000000I1q0a
Currency__c,&KAQdFqM000000I1q0a,CUP,a0q1I000000MqFdQAK,#KAQdFqM000000I1q0a
Currency__c,&KAQeFqM000000I1q0a,CVE,a0q1I000000MqFeQAK,#KAQeFqM000000I1q0a
Currency__c,&KAQfFqM000000I1q0a,CZK,a0q1I000000MqFfQAK,#KAQfFqM000000I1q0a
Currency__c,&KAQgFqM000000I1q0a,DJF,a0q1I000000MqFgQAK,#KAQgFqM000000I1q0a
Currency__c,&0AQEGqM000000I1q0a,KMF,a0q1I000000MqGEQA0,#0AQEGqM000000I1q0a
Currency__c,&0AQFGqM000000I1q0a,KPW,a0q1I000000MqGFQA0,#0AQFGqM000000I1q0a
Currency__c,&0AQGGqM000000I1q0a,KRW,a0q1I000000MqGGQA0,#0AQGGqM000000I1q0a
Currency__c,&0AQHGqM000000I1q0a,KWD,a0q1I000000MqGHQA0,#0AQHGqM000000I1q0a
Currency__c,&0AQIGqM000000I1q0a,KYD,a0q1I000000MqGIQA0,#0AQIGqM000000I1q0a
Currency__c,&0AQJGqM000000I1q0a,KZT,a0q1I000000MqGJQA0,#0AQJGqM000000I1q0a
Currency__c,&0AQKGqM000000I1q0a,LAK,a0q1I000000MqGKQA0,#0AQKGqM000000I1q0a
Currency__c,&0AQLGqM000000I1q0a,LBP,a0q1I000000MqGLQA0,#0AQLGqM000000I1q0a
Currency__c,&0AQMGqM000000I1q0a,LKR,a0q1I000000MqGMQA0,#0AQMGqM000000I1q0a
Currency__c,&0AQNGqM000000I1q0a,LRD,a0q1I000000MqGNQA0,#0AQNGqM000000I1q0a
Currency__c,&0AQOGqM000000I1q0a,LSL,a0q1I000000MqGOQA0,#0AQOGqM000000I1q0a
Currency__c,&0AQPGqM000000I1q0a,LYD,a0q1I000000MqGPQA0,#0AQPGqM000000I1q0a
Currency__c,&0AQQGqM000000I1q0a,MAD,a0q1I000000MqGQQA0,#0AQQGqM000000I1q0a
Currency__c,&0AQRGqM000000I1q0a,MDL,a0q1I000000MqGRQA0,#0AQRGqM000000I1q0a
Currency__c,&KAQpFqM000000I1q0a,FKP,a0q1I000000MqFpQAK,#KAQpFqM000000I1q0a
Currency__c,&KAQqFqM000000I1q0a,CHE,a0q1I000000MqFqQAK,#KAQqFqM000000I1q0a
Currency__c,&KAQrFqM000000I1q0a,GBP,a0q1I000000MqFrQAK,#KAQrFqM000000I1q0a
Currency__c,&KAQoFqM000000I1q0a,FJD,a0q1I000000MqFoQAK,#KAQoFqM000000I1q0a
Currency__c,&KAQsFqM000000I1q0a,GEL,a0q1I000000MqFsQAK,#KAQsFqM000000I1q0a
Currency__c,&KAQtFqM000000I1q0a,GHS,a0q1I000000MqFtQAK,#KAQtFqM000000I1q0a
Currency__c,&KAQuFqM000000I1q0a,GIP,a0q1I000000MqFuQAK,#KAQuFqM000000I1q0a
Currency__c,&0AQTGqM000000I1q0a,MKD,a0q1I000000MqGTQA0,#0AQTGqM000000I1q0a
Currency__c,&0AQUGqM000000I1q0a,MMK,a0q1I000000MqGUQA0,#0AQUGqM000000I1q0a
Currency__c,&0AQVGqM000000I1q0a,MNT,a0q1I000000MqGVQA0,#0AQVGqM000000I1q0a
Currency__c,&0AQWGqM000000I1q0a,MOP,a0q1I000000MqGWQA0,#0AQWGqM000000I1q0a
Currency__c,&0AQXGqM000000I1q0a,MRO,a0q1I000000MqGXQA0,#0AQXGqM000000I1q0a
Currency__c,&0AQSGqM000000I1q0a,MGA,a0q1I000000MqGSQA0,#0AQSGqM000000I1q0a
Currency__c,&0AQYGqM000000I1q0a,MUR,a0q1I000000MqGYQA0,#0AQYGqM000000I1q0a
Currency__c,&0AQZGqM000000I1q0a,MVR,a0q1I000000MqGZQA0,#0AQZGqM000000I1q0a
Currency__c,&KAQaGqM000000I1q0a,MWK,a0q1I000000MqGaQAK,#KAQaGqM000000I1q0a
Currency__c,&KAQbGqM000000I1q0a,KES,a0q1I000000MqGbQAK,#KAQbGqM000000I1q0a
Currency__c,&KAQcGqM000000I1q0a,KGS,a0q1I000000MqGcQAK,#KAQcGqM000000I1q0a
Currency__c,&KAQyFqM000000I1q0a,GYD,a0q1I000000MqFyQAK,#KAQyFqM000000I1q0a
Currency__c,&KAQzFqM000000I1q0a,HKD,a0q1I000000MqFzQAK,#KAQzFqM000000I1q0a
Currency__c,&KAQ0GqM000000I1q0a,HNL,a0q1I000000MqG0QAK,#KAQ0GqM000000I1q0a
Currency__c,&KAQ1GqM000000I1q0a,HRK,a0q1I000000MqG1QAK,#KAQ1GqM000000I1q0a
Currency__c,&KAQ2GqM000000I1q0a,HTG,a0q1I000000MqG2QAK,#KAQ2GqM000000I1q0a
Currency__c,&KAQ3GqM000000I1q0a,HUF,a0q1I000000MqG3QAK,#KAQ3GqM000000I1q0a
Currency__c,&KAQ4GqM000000I1q0a,IDR,a0q1I000000MqG4QAK,#KAQ4GqM000000I1q0a
Currency__c,&KAQ5GqM000000I1q0a,ILS,a0q1I000000MqG5QAK,#KAQ5GqM000000I1q0a
Currency__c,&KAQ6GqM000000I1q0a,INR,a0q1I000000MqG6QAK,#KAQ6GqM000000I1q0a
Currency__c,&KAQ7GqM000000I1q0a,IQD,a0q1I000000MqG7QAK,#KAQ7GqM000000I1q0a
Currency__c,&KAQ8GqM000000I1q0a,IRR,a0q1I000000MqG8QAK,#KAQ8GqM000000I1q0a
Currency__c,&KAQ9GqM000000I1q0a,ISK,a0q1I000000MqG9QAK,#KAQ9GqM000000I1q0a
Currency__c,&KAQvFqM000000I1q0a,GMD,a0q1I000000MqFvQAK,#KAQvFqM000000I1q0a
Currency__c,&0AQAGqM000000I1q0a,JMD,a0q1I000000MqGAQA0,#0AQAGqM000000I1q0a
Currency__c,&0AQBGqM000000I1q0a,JOD,a0q1I000000MqGBQA0,#0AQBGqM000000I1q0a
Currency__c,&0AQCGqM000000I1q0a,JPY,a0q1I000000MqGCQA0,#0AQCGqM000000I1q0a
Currency__c,&KAQwFqM000000I1q0a,GNF,a0q1I000000MqFwQAK,#KAQwFqM000000I1q0a
Currency__c,&KAQxFqM000000I1q0a,GTQ,a0q1I000000MqFxQAK,#KAQxFqM000000I1q0a
Currency__c,&0AQDGqM000000I1q0a,KHR,a0q1I000000MqGDQA0,#0AQDGqM000000I1q0a
Currency__c,&KAQdGqM000000I1q0a,MXN,a0q1I000000MqGdQAK,#KAQdGqM000000I1q0a
Currency__c,&KAQeGqM000000I1q0a,MXV,a0q1I000000MqGeQAK,#KAQeGqM000000I1q0a
Currency__c,&KAQfGqM000000I1q0a,MYR,a0q1I000000MqGfQAK,#KAQfGqM000000I1q0a
Currency__c,&KAQgGqM000000I1q0a,MZN,a0q1I000000MqGgQAK,#KAQgGqM000000I1q0a
Currency__c,&KAQhGqM000000I1q0a,NAD,a0q1I000000MqGhQAK,#KAQhGqM000000I1q0a
Currency__c,&KAQiGqM000000I1q0a,NGN,a0q1I000000MqGiQAK,#KAQiGqM000000I1q0a
Currency__c,&KAQjGqM000000I1q0a,NIO,a0q1I000000MqGjQAK,#KAQjGqM000000I1q0a
Currency__c,&KAQkGqM000000I1q0a,NOK,a0q1I000000MqGkQAK,#KAQkGqM000000I1q0a
Currency__c,&KAQlGqM000000I1q0a,NPR,a0q1I000000MqGlQAK,#KAQlGqM000000I1q0a
Currency__c,&KAQmGqM000000I1q0a,NZD,a0q1I000000MqGmQAK,#KAQmGqM000000I1q0a
Currency__c,&KAQnGqM000000I1q0a,OMR,a0q1I000000MqGnQAK,#KAQnGqM000000I1q0a
Currency__c,&KAQoGqM000000I1q0a,PAB,a0q1I000000MqGoQAK,#KAQoGqM000000I1q0a
Currency__c,&KAQwGqM000000I1q0a,RON,a0q1I000000MqGwQAK,#KAQwGqM000000I1q0a
Currency__c,&KAQxGqM000000I1q0a,RSD,a0q1I000000MqGxQAK,#KAQxGqM000000I1q0a
Currency__c,&KAQyGqM000000I1q0a,RUB,a0q1I000000MqGyQAK,#KAQyGqM000000I1q0a
Currency__c,&KAQzGqM000000I1q0a,RWF,a0q1I000000MqGzQAK,#KAQzGqM000000I1q0a
Currency__c,&KAQ0HqM000000I1q0a,SAR,a0q1I000000MqH0QAK,#KAQ0HqM000000I1q0a
Currency__c,&KAQ1HqM000000I1q0a,SBD,a0q1I000000MqH1QAK,#KAQ1HqM000000I1q0a
Currency__c,&KAQ2HqM000000I1q0a,SCR,a0q1I000000MqH2QAK,#KAQ2HqM000000I1q0a
Currency__c,&KAQ3HqM000000I1q0a,SDG,a0q1I000000MqH3QAK,#KAQ3HqM000000I1q0a
Currency__c,&KAQ4HqM000000I1q0a,SEK,a0q1I000000MqH4QAK,#KAQ4HqM000000I1q0a
Currency__c,&KAQ5HqM000000I1q0a,SGD,a0q1I000000MqH5QAK,#KAQ5HqM000000I1q0a
Currency__c,&KAQpGqM000000I1q0a,PEN,a0q1I000000MqGpQAK,#KAQpGqM000000I1q0a
Currency__c,&KAQqGqM000000I1q0a,PGK,a0q1I000000MqGqQAK,#KAQqGqM000000I1q0a
Currency__c,&KAQrGqM000000I1q0a,PHP,a0q1I000000MqGrQAK,#KAQrGqM000000I1q0a
Currency__c,&KAQsGqM000000I1q0a,PKR,a0q1I000000MqGsQAK,#KAQsGqM000000I1q0a
Currency__c,&KAQtGqM000000I1q0a,PLN,a0q1I000000MqGtQAK,#KAQtGqM000000I1q0a
Currency__c,&KAQuGqM000000I1q0a,PYG,a0q1I000000MqGuQAK,#KAQuGqM000000I1q0a
Currency__c,&KAQvGqM000000I1q0a,QAR,a0q1I000000MqGvQAK,#KAQvGqM000000I1q0a
Currency__c,&KAQ6HqM000000I1q0a,SHP,a0q1I000000MqH6QAK,#KAQ6HqM000000I1q0a
Currency__c,&KAQ7HqM000000I1q0a,SLL,a0q1I000000MqH7QAK,#KAQ7HqM000000I1q0a
Currency__c,&KAQ8HqM000000I1q0a,SOS,a0q1I000000MqH8QAK,#KAQ8HqM000000I1q0a
Currency__c,&KAQ9HqM000000I1q0a,SRD,a0q1I000000MqH9QAK,#KAQ9HqM000000I1q0a
Currency__c,&0AQAHqM000000I1q0a,SSP,a0q1I000000MqHAQA0,#0AQAHqM000000I1q0a
Currency__c,&0AQBHqM000000I1q0a,STD,a0q1I000000MqHBQA0,#0AQBHqM000000I1q0a
Currency__c,&0AQCHqM000000I1q0a,SYP,a0q1I000000MqHCQA0,#0AQCHqM000000I1q0a
Currency__c,&0AQDHqM000000I1q0a,SZL,a0q1I000000MqHDQA0,#0AQDHqM000000I1q0a
Currency__c,&0AQEHqM000000I1q0a,THB,a0q1I000000MqHEQA0,#0AQEHqM000000I1q0a
Currency__c,&0AQFHqM000000I1q0a,TJS,a0q1I000000MqHFQA0,#0AQFHqM000000I1q0a
Currency__c,&0AQGHqM000000I1q0a,TMT,a0q1I000000MqHGQA0,#0AQGHqM000000I1q0a
Currency__c,&0AQHHqM000000I1q0a,TND,a0q1I000000MqHHQA0,#0AQHHqM000000I1q0a
Currency__c,&0AQIHqM000000I1q0a,TOP,a0q1I000000MqHIQA0,#0AQIHqM000000I1q0a
Currency__c,&0AQJHqM000000I1q0a,TRY,a0q1I000000MqHJQA0,#0AQJHqM000000I1q0a
Currency__c,&0AQKHqM000000I1q0a,TTD,a0q1I000000MqHKQA0,#0AQKHqM000000I1q0a
Accounting_Standard__c,&IAQdJq1000000I180a,GAAP,a081I0000001qJdQAI,#IAQdJq1000000I180a
Account,&Outdoors  Inc.,"Outdoors, Inc.",0011I000005Ix2WQAS,#Outdoors  Inc.
Account,&LTE-CORP,LTE-CORP,0011I000005ItIuQAK,#LTE-CORP
Account,&KNDY-CORP,KNDY-CORP,0011I000005ItIvQAK,#KNDY-CORP
RecordType,&Catalog,Catalog,0121I0000009IBeQAM,#Catalog
RecordType,&Request Item,Request Item,0121I0000009IBfQAM,#Request Item
RecordType,&Bill To,Bill To,0121I0000009IBgQAM,#Bill To
RecordType,&Corporate Parent,Corporate Parent,0121I0000009IBhQAM,#Corporate Parent
RecordType,&Ship To,Ship To,0121I0000009IBiQAM,#Ship To
RecordType,&Site,Site,0121I0000009IBjQAM,#Site
RecordType,&Sold To,Sold To,0121I0000009IBkQAM,#Sold To
RecordType,&Purchase From,Purchase From,0121I0000009IBlQAM,#Purchase From
RecordType,&Remit To,Remit To,0121I0000009IBmQAM,#Remit To
